SampleID,Site,Compartment,State,Rep,group,NS,Pro
L1006,BD1,Stem,Healthy,1,BD1StemHealthy,N,HHPY
L1007,BD1,Stem,Healthy,2,BD1StemHealthy,N,HHPY
L1008,BD1,Stem,Healthy,3,BD1StemHealthy,N,HHPY
L1009,BD1,Stem,Healthy,4,BD1StemHealthy,N,HHPY
L1010,BD1,Stem,Healthy,5,BD1StemHealthy,N,HHPY
L1011,BD1,Stem,Diseased,1,BD1StemDiseased,N,HHPY
L1012,BD1,Stem,Diseased,2,BD1StemDiseased,N,HHPY
L1013,BD1,Stem,Diseased,3,BD1StemDiseased,N,HHPY
L1014,BD1,Stem,Diseased,4,BD1StemDiseased,N,HHPY
L1015,BD1,Stem,Diseased,5,BD1StemDiseased,N,HHPY
L866,BS2,Stem,Healthy,1,BS2StemHealthy,S,NFQL
L867,BS2,Stem,Healthy,2,BS2StemHealthy,S,NFQL
L868,BS2,Stem,Healthy,3,BS2StemHealthy,S,NFQL
L869,BS2,Stem,Healthy,4,BS2StemHealthy,S,NFQL
L870,BS2,Stem,Healthy,5,BS2StemHealthy,S,NFQL
L871,BS2,Stem,Diseased,1,BS2StemDiseased,S,NFQL
L872,BS2,Stem,Diseased,2,BS2StemDiseased,S,NFQL
L873,BS2,Stem,Diseased,3,BS2StemDiseased,S,NFQL
L874,BS2,Stem,Diseased,4,BS2StemDiseased,S,NFQL
L875,BS2,Stem,Diseased,5,BS2StemDiseased,S,NFQL
L1066,CC,Stem,Healthy,1,CCStemHealthy,N,BFCB
L1067,CC,Stem,Healthy,2,CCStemHealthy,N,BFCB
L1068,CC,Stem,Healthy,3,CCStemHealthy,N,BFCB
L1069,CC,Stem,Healthy,4,CCStemHealthy,N,BFCB
L1070,CC,Stem,Healthy,5,CCStemHealthy,N,BFCB
L1071,CC,Stem,Diseased,1,CCStemDiseased,N,BFCB
L1072,CC,Stem,Diseased,2,CCStemDiseased,N,BFCB
L1073,CC,Stem,Diseased,3,CCStemDiseased,N,BFCB
L1074,CC,Stem,Diseased,4,CCStemDiseased,N,BFCB
L1075,CC,Stem,Diseased,5,CCStemDiseased,N,BFCB
L916,CS1,Stem,Healthy,1,CS1StemHealthy,S,NFQL
L917,CS1,Stem,Healthy,2,CS1StemHealthy,S,NFQL
L918,CS1,Stem,Healthy,3,CS1StemHealthy,S,NFQL
L919,CS1,Stem,Healthy,4,CS1StemHealthy,S,NFQL
L920,CS1,Stem,Healthy,5,CS1StemHealthy,S,NFQL
L921,CS1,Stem,Diseased,1,CS1StemDiseased,S,NFQL
L922,CS1,Stem,Diseased,2,CS1StemDiseased,S,NFQL
L923,CS1,Stem,Diseased,3,CS1StemDiseased,S,NFQL
L924,CS1,Stem,Diseased,4,CS1StemDiseased,S,NFQL
L925,CS1,Stem,Diseased,5,CS1StemDiseased,S,NFQL
L856,DL2,Stem,Healthy,1,DL2StemHealthy,S,XNSD
L857,DL2,Stem,Healthy,2,DL2StemHealthy,S,XNSD
L858,DL2,Stem,Healthy,3,DL2StemHealthy,S,XNSD
L859,DL2,Stem,Healthy,4,DL2StemHealthy,S,XNSD
L860,DL2,Stem,Healthy,5,DL2StemHealthy,S,XNSD
L861,DL2,Stem,Diseased,1,DL2StemDiseased,S,XNSD
L862,DL2,Stem,Diseased,2,DL2StemDiseased,S,XNSD
L863,DL2,Stem,Diseased,3,DL2StemDiseased,S,XNSD
L864,DL2,Stem,Diseased,4,DL2StemDiseased,S,XNSD
L865,DL2,Stem,Diseased,5,DL2StemDiseased,S,XNSD
L936,FY1,Stem,Healthy,1,FY1StemHealthy,N,HHPY
L937,FY1,Stem,Healthy,2,FY1StemHealthy,N,HHPY
L938,FY1,Stem,Healthy,3,FY1StemHealthy,N,HHPY
L939,FY1,Stem,Healthy,4,FY1StemHealthy,N,HHPY
L940,FY1,Stem,Healthy,5,FY1StemHealthy,N,HHPY
L941,FY1,Stem,Diseased,1,FY1StemDiseased,N,HHPY
L942,FY1,Stem,Diseased,2,FY1StemDiseased,N,HHPY
L943,FY1,Stem,Diseased,3,FY1StemDiseased,N,HHPY
L944,FY1,Stem,Diseased,4,FY1StemDiseased,N,HHPY
L945,FY1,Stem,Diseased,5,FY1StemDiseased,N,HHPY
L1016,GY,Stem,Healthy,1,GYStemHealthy,N,HHPY
L1017,GY,Stem,Healthy,2,GYStemHealthy,N,HHPY
L1018,GY,Stem,Healthy,3,GYStemHealthy,N,HHPY
L1019,GY,Stem,Healthy,4,GYStemHealthy,N,HHPY
L1020,GY,Stem,Healthy,5,GYStemHealthy,N,HHPY
L1021,GY,Stem,Diseased,1,GYStemDiseased,N,HHPY
L1022,GY,Stem,Diseased,2,GYStemDiseased,N,HHPY
L1023,GY,Stem,Diseased,3,GYStemDiseased,N,HHPY
L1024,GY,Stem,Diseased,4,GYStemDiseased,N,HHPY
L1025,GY,Stem,Diseased,5,GYStemDiseased,N,HHPY
L836,GZ1,Stem,Healthy,1,GZ1StemHealthy,S,XNSD
L837,GZ1,Stem,Healthy,2,GZ1StemHealthy,S,XNSD
L838,GZ1,Stem,Healthy,3,GZ1StemHealthy,S,XNSD
L839,GZ1,Stem,Healthy,4,GZ1StemHealthy,S,XNSD
L840,GZ1,Stem,Healthy,5,GZ1StemHealthy,S,XNSD
L841,GZ1,Stem,Diseased,1,GZ1StemDiseased,S,XNSD
L842,GZ1,Stem,Diseased,2,GZ1StemDiseased,S,XNSD
L843,GZ1,Stem,Diseased,3,GZ1StemDiseased,S,XNSD
L844,GZ1,Stem,Diseased,4,GZ1StemDiseased,S,XNSD
L845,GZ1,Stem,Diseased,5,GZ1StemDiseased,S,XNSD
L1086,HEB,Stem,Healthy,1,HEBStemHealthy,N,BFCB
L1087,HEB,Stem,Healthy,2,HEBStemHealthy,N,BFCB
L1088,HEB,Stem,Healthy,3,HEBStemHealthy,N,BFCB
L1089,HEB,Stem,Healthy,4,HEBStemHealthy,N,BFCB
L1090,HEB,Stem,Healthy,5,HEBStemHealthy,N,BFCB
L1091,HEB,Stem,Diseased,1,HEBStemDiseased,N,BFCB
L1092,HEB,Stem,Diseased,2,HEBStemDiseased,N,BFCB
L1093,HEB,Stem,Diseased,3,HEBStemDiseased,N,BFCB
L1094,HEB,Stem,Diseased,4,HEBStemDiseased,N,BFCB
L1095,HEB,Stem,Diseased,5,HEBStemDiseased,N,BFCB
L906,JH1,Stem,Healthy,1,JH1StemHealthy,S,NFQL
L907,JH1,Stem,Healthy,2,JH1StemHealthy,S,NFQL
L908,JH1,Stem,Healthy,3,JH1StemHealthy,S,NFQL
L909,JH1,Stem,Healthy,4,JH1StemHealthy,S,NFQL
L910,JH1,Stem,Healthy,5,JH1StemHealthy,S,NFQL
L911,JH1,Stem,Diseased,1,JH1StemDiseased,S,NFQL
L912,JH1,Stem,Diseased,2,JH1StemDiseased,S,NFQL
L913,JH1,Stem,Diseased,3,JH1StemDiseased,S,NFQL
L914,JH1,Stem,Diseased,4,JH1StemDiseased,S,NFQL
L915,JH1,Stem,Diseased,5,JH1StemDiseased,S,NFQL
L1106,JJ,Stem,Healthy,1,JJStemHealthy,S,NFQL
L1107,JJ,Stem,Healthy,2,JJStemHealthy,S,NFQL
L1108,JJ,Stem,Healthy,3,JJStemHealthy,S,NFQL
L1109,JJ,Stem,Healthy,4,JJStemHealthy,S,NFQL
L1110,JJ,Stem,Healthy,5,JJStemHealthy,S,NFQL
L1111,JJ,Stem,Diseased,1,JJStemDiseased,S,NFQL
L1112,JJ,Stem,Diseased,2,JJStemDiseased,S,NFQL
L1113,JJ,Stem,Diseased,3,JJStemDiseased,S,NFQL
L1114,JJ,Stem,Diseased,4,JJStemDiseased,S,NFQL
L1115,JJ,Stem,Diseased,5,JJStemDiseased,S,NFQL
L996,JN,Stem,Healthy,1,JNStemHealthy,N,HHPY
L997,JN,Stem,Healthy,2,JNStemHealthy,N,HHPY
L998,JN,Stem,Healthy,3,JNStemHealthy,N,HHPY
L999,JN,Stem,Healthy,4,JNStemHealthy,N,HHPY
L1000,JN,Stem,Healthy,5,JNStemHealthy,N,HHPY
L1001,JN,Stem,Diseased,1,JNStemDiseased,N,HHPY
L1002,JN,Stem,Diseased,2,JNStemDiseased,N,HHPY
L1003,JN,Stem,Diseased,3,JNStemDiseased,N,HHPY
L1004,JN,Stem,Diseased,4,JNStemDiseased,N,HHPY
L1005,JN,Stem,Diseased,5,JNStemDiseased,N,HHPY
L946,LA2,Stem,Healthy,1,LA2StemHealthy,S,NFQL
L947,LA2,Stem,Healthy,2,LA2StemHealthy,S,NFQL
L948,LA2,Stem,Healthy,3,LA2StemHealthy,S,NFQL
L949,LA2,Stem,Healthy,4,LA2StemHealthy,S,NFQL
L950,LA2,Stem,Healthy,5,LA2StemHealthy,S,NFQL
L951,LA2,Stem,Diseased,1,LA2StemDiseased,S,NFQL
L952,LA2,Stem,Diseased,2,LA2StemDiseased,S,NFQL
L953,LA2,Stem,Diseased,3,LA2StemDiseased,S,NFQL
L954,LA2,Stem,Diseased,4,LA2StemDiseased,S,NFQL
L955,LA2,Stem,Diseased,5,LA2StemDiseased,S,NFQL
L876,LZ1,Stem,Healthy,1,LZ1StemHealthy,S,NFQL
L877,LZ1,Stem,Healthy,2,LZ1StemHealthy,S,NFQL
L878,LZ1,Stem,Healthy,3,LZ1StemHealthy,S,NFQL
L879,LZ1,Stem,Healthy,4,LZ1StemHealthy,S,NFQL
L880,LZ1,Stem,Healthy,5,LZ1StemHealthy,S,NFQL
L881,LZ1,Stem,Diseased,1,LZ1StemDiseased,S,NFQL
L882,LZ1,Stem,Diseased,2,LZ1StemDiseased,S,NFQL
L883,LZ1,Stem,Diseased,3,LZ1StemDiseased,S,NFQL
L884,LZ1,Stem,Diseased,4,LZ1StemDiseased,S,NFQL
L885,LZ1,Stem,Diseased,5,LZ1StemDiseased,S,NFQL
L816,MY1,Stem,Healthy,1,MY1StemHealthy,S,XNSD
L817,MY1,Stem,Healthy,2,MY1StemHealthy,S,XNSD
L818,MY1,Stem,Healthy,3,MY1StemHealthy,S,XNSD
L819,MY1,Stem,Healthy,4,MY1StemHealthy,S,XNSD
L820,MY1,Stem,Healthy,5,MY1StemHealthy,S,XNSD
L821,MY1,Stem,Diseased,1,MY1StemDiseased,S,XNSD
L822,MY1,Stem,Diseased,2,MY1StemDiseased,S,XNSD
L823,MY1,Stem,Diseased,3,MY1StemDiseased,S,XNSD
L824,MY1,Stem,Diseased,4,MY1StemDiseased,S,XNSD
L825,MY1,Stem,Diseased,5,MY1StemDiseased,S,XNSD
L846,QJ2,Stem,Healthy,1,QJ2StemHealthy,S,XNSD
L847,QJ2,Stem,Healthy,2,QJ2StemHealthy,S,XNSD
L848,QJ2,Stem,Healthy,3,QJ2StemHealthy,S,XNSD
L849,QJ2,Stem,Healthy,4,QJ2StemHealthy,S,XNSD
L850,QJ2,Stem,Healthy,5,QJ2StemHealthy,S,XNSD
L851,QJ2,Stem,Diseased,1,QJ2StemDiseased,S,XNSD
L852,QJ2,Stem,Diseased,2,QJ2StemDiseased,S,XNSD
L853,QJ2,Stem,Diseased,3,QJ2StemDiseased,S,XNSD
L854,QJ2,Stem,Diseased,4,QJ2StemDiseased,S,XNSD
L855,QJ2,Stem,Diseased,5,QJ2StemDiseased,S,XNSD
L896,SG1,Stem,Healthy,1,SG1StemHealthy,S,NFQL
L897,SG1,Stem,Healthy,2,SG1StemHealthy,S,NFQL
L898,SG1,Stem,Healthy,3,SG1StemHealthy,S,NFQL
L899,SG1,Stem,Healthy,4,SG1StemHealthy,S,NFQL
L900,SG1,Stem,Healthy,5,SG1StemHealthy,S,NFQL
L901,SG1,Stem,Diseased,1,SG1StemDiseased,S,NFQL
L902,SG1,Stem,Diseased,2,SG1StemDiseased,S,NFQL
L903,SG1,Stem,Diseased,3,SG1StemDiseased,S,NFQL
L904,SG1,Stem,Diseased,4,SG1StemDiseased,S,NFQL
L905,SG1,Stem,Diseased,5,SG1StemDiseased,S,NFQL
L1096,SH,Stem,Healthy,1,SHStemHealthy,N,BFCB
L1097,SH,Stem,Healthy,2,SHStemHealthy,N,BFCB
L1098,SH,Stem,Healthy,3,SHStemHealthy,N,BFCB
L1099,SH,Stem,Healthy,4,SHStemHealthy,N,BFCB
L1100,SH,Stem,Healthy,5,SHStemHealthy,N,BFCB
L1101,SH,Stem,Diseased,1,SHStemDiseased,N,BFCB
L1102,SH,Stem,Diseased,2,SHStemDiseased,N,BFCB
L1103,SH,Stem,Diseased,3,SHStemDiseased,N,BFCB
L1104,SH,Stem,Diseased,4,SHStemDiseased,N,BFCB
L1105,SH,Stem,Diseased,5,SHStemDiseased,N,BFCB
L1056,SP,Stem,Healthy,1,SPStemHealthy,N,BFCB
L1057,SP,Stem,Healthy,2,SPStemHealthy,N,BFCB
L1058,SP,Stem,Healthy,3,SPStemHealthy,N,BFCB
L1059,SP,Stem,Healthy,4,SPStemHealthy,N,BFCB
L1060,SP,Stem,Healthy,5,SPStemHealthy,N,BFCB
L1061,SP,Stem,Diseased,1,SPStemDiseased,N,BFCB
L1062,SP,Stem,Diseased,2,SPStemDiseased,N,BFCB
L1063,SP,Stem,Diseased,3,SPStemDiseased,N,BFCB
L1064,SP,Stem,Diseased,4,SPStemDiseased,N,BFCB
L1065,SP,Stem,Diseased,5,SPStemDiseased,N,BFCB
L966,SQ,Stem,Healthy,1,SQStemHealthy,N,HHPY
L967,SQ,Stem,Healthy,2,SQStemHealthy,N,HHPY
L968,SQ,Stem,Healthy,3,SQStemHealthy,N,HHPY
L969,SQ,Stem,Healthy,4,SQStemHealthy,N,HHPY
L970,SQ,Stem,Healthy,5,SQStemHealthy,N,HHPY
L971,SQ,Stem,Diseased,1,SQStemDiseased,N,HHPY
L972,SQ,Stem,Diseased,2,SQStemDiseased,N,HHPY
L973,SQ,Stem,Diseased,3,SQStemDiseased,N,HHPY
L974,SQ,Stem,Diseased,4,SQStemDiseased,N,HHPY
L975,SQ,Stem,Diseased,5,SQStemDiseased,N,HHPY
L1076,SY,Stem,Healthy,1,SYStemHealthy,N,BFCB
L1077,SY,Stem,Healthy,2,SYStemHealthy,N,BFCB
L1078,SY,Stem,Healthy,3,SYStemHealthy,N,BFCB
L1079,SY,Stem,Healthy,4,SYStemHealthy,N,BFCB
L1080,SY,Stem,Healthy,5,SYStemHealthy,N,BFCB
L1081,SY,Stem,Diseased,1,SYStemDiseased,N,BFCB
L1082,SY,Stem,Diseased,2,SYStemDiseased,N,BFCB
L1083,SY,Stem,Diseased,3,SYStemDiseased,N,BFCB
L1084,SY,Stem,Diseased,4,SYStemDiseased,N,BFCB
L1085,SY,Stem,Diseased,5,SYStemDiseased,N,BFCB
L1026,SZS,Stem,Healthy,1,SZSStemHealthy,N,BFCB
L1027,SZS,Stem,Healthy,2,SZSStemHealthy,N,BFCB
L1028,SZS,Stem,Healthy,3,SZSStemHealthy,N,BFCB
L1029,SZS,Stem,Healthy,4,SZSStemHealthy,N,BFCB
L1030,SZS,Stem,Healthy,5,SZSStemHealthy,N,BFCB
L1031,SZS,Stem,Diseased,1,SZSStemDiseased,N,BFCB
L1032,SZS,Stem,Diseased,2,SZSStemDiseased,N,BFCB
L1033,SZS,Stem,Diseased,3,SZSStemDiseased,N,BFCB
L1034,SZS,Stem,Diseased,4,SZSStemDiseased,N,BFCB
L1035,SZS,Stem,Diseased,5,SZSStemDiseased,N,BFCB
L956,XC2,Stem,Healthy,1,XC2StemHealthy,N,HHPY
L957,XC2,Stem,Healthy,2,XC2StemHealthy,N,HHPY
L958,XC2,Stem,Healthy,3,XC2StemHealthy,N,HHPY
L959,XC2,Stem,Healthy,4,XC2StemHealthy,N,HHPY
L960,XC2,Stem,Healthy,5,XC2StemHealthy,N,HHPY
L961,XC2,Stem,Diseased,1,XC2StemDiseased,N,HHPY
L962,XC2,Stem,Diseased,2,XC2StemDiseased,N,HHPY
L963,XC2,Stem,Diseased,3,XC2StemDiseased,N,HHPY
L964,XC2,Stem,Diseased,4,XC2StemDiseased,N,HHPY
L965,XC2,Stem,Diseased,5,XC2StemDiseased,N,HHPY
L976,XX,Stem,Healthy,1,XXStemHealthy,N,HHPY
L977,XX,Stem,Healthy,2,XXStemHealthy,N,HHPY
L978,XX,Stem,Healthy,3,XXStemHealthy,N,HHPY
L979,XX,Stem,Healthy,4,XXStemHealthy,N,HHPY
L980,XX,Stem,Healthy,5,XXStemHealthy,N,HHPY
L981,XX,Stem,Diseased,1,XXStemDiseased,N,HHPY
L982,XX,Stem,Diseased,2,XXStemDiseased,N,HHPY
L983,XX,Stem,Diseased,3,XXStemDiseased,N,HHPY
L984,XX,Stem,Diseased,4,XXStemDiseased,N,HHPY
L985,XX,Stem,Diseased,5,XXStemDiseased,N,HHPY
L926,XZ1,Stem,Healthy,1,XZ1StemHealthy,N,HHPY
L927,XZ1,Stem,Healthy,2,XZ1StemHealthy,N,HHPY
L928,XZ1,Stem,Healthy,3,XZ1StemHealthy,N,HHPY
L929,XZ1,Stem,Healthy,4,XZ1StemHealthy,N,HHPY
L930,XZ1,Stem,Healthy,5,XZ1StemHealthy,N,HHPY
L931,XZ1,Stem,Diseased,1,XZ1StemDiseased,N,HHPY
L932,XZ1,Stem,Diseased,2,XZ1StemDiseased,N,HHPY
L933,XZ1,Stem,Diseased,3,XZ1StemDiseased,N,HHPY
L934,XZ1,Stem,Diseased,4,XZ1StemDiseased,N,HHPY
L935,XZ1,Stem,Diseased,5,XZ1StemDiseased,N,HHPY
L826,YJ2,Stem,Healthy,1,YJ2StemHealthy,S,XNSD
L827,YJ2,Stem,Healthy,2,YJ2StemHealthy,S,XNSD
L828,YJ2,Stem,Healthy,3,YJ2StemHealthy,S,XNSD
L829,YJ2,Stem,Healthy,4,YJ2StemHealthy,S,XNSD
L830,YJ2,Stem,Healthy,5,YJ2StemHealthy,S,XNSD
L831,YJ2,Stem,Diseased,1,YJ2StemDiseased,S,XNSD
L832,YJ2,Stem,Diseased,2,YJ2StemDiseased,S,XNSD
L833,YJ2,Stem,Diseased,3,YJ2StemDiseased,S,XNSD
L834,YJ2,Stem,Diseased,4,YJ2StemDiseased,S,XNSD
L835,YJ2,Stem,Diseased,5,YJ2StemDiseased,S,XNSD
L1046,YK,Stem,Healthy,1,YKStemHealthy,N,BFCB
L1047,YK,Stem,Healthy,2,YKStemHealthy,N,BFCB
L1048,YK,Stem,Healthy,3,YKStemHealthy,N,BFCB
L1049,YK,Stem,Healthy,4,YKStemHealthy,N,BFCB
L1050,YK,Stem,Healthy,5,YKStemHealthy,N,BFCB
L1051,YK,Stem,Diseased,1,YKStemDiseased,N,BFCB
L1052,YK,Stem,Diseased,2,YKStemDiseased,N,BFCB
L1053,YK,Stem,Diseased,3,YKStemDiseased,N,BFCB
L1054,YK,Stem,Diseased,4,YKStemDiseased,N,BFCB
L1055,YK,Stem,Diseased,5,YKStemDiseased,N,BFCB
L986,YQ,Stem,Healthy,1,YQStemHealthy,N,HHPY
L987,YQ,Stem,Healthy,2,YQStemHealthy,N,HHPY
L988,YQ,Stem,Healthy,3,YQStemHealthy,N,HHPY
L989,YQ,Stem,Healthy,4,YQStemHealthy,N,HHPY
L990,YQ,Stem,Healthy,5,YQStemHealthy,N,HHPY
L991,YQ,Stem,Diseased,1,YQStemDiseased,N,HHPY
L992,YQ,Stem,Diseased,2,YQStemDiseased,N,HHPY
L993,YQ,Stem,Diseased,3,YQStemDiseased,N,HHPY
L994,YQ,Stem,Diseased,4,YQStemDiseased,N,HHPY
L995,YQ,Stem,Diseased,5,YQStemDiseased,N,HHPY
L886,YZ1,Stem,Healthy,1,YZ1StemHealthy,S,NFQL
L887,YZ1,Stem,Healthy,2,YZ1StemHealthy,S,NFQL
L888,YZ1,Stem,Healthy,3,YZ1StemHealthy,S,NFQL
L889,YZ1,Stem,Healthy,4,YZ1StemHealthy,S,NFQL
L890,YZ1,Stem,Healthy,5,YZ1StemHealthy,S,NFQL
L891,YZ1,Stem,Diseased,1,YZ1StemDiseased,S,NFQL
L892,YZ1,Stem,Diseased,2,YZ1StemDiseased,S,NFQL
L893,YZ1,Stem,Diseased,3,YZ1StemDiseased,S,NFQL
L894,YZ1,Stem,Diseased,4,YZ1StemDiseased,S,NFQL
L895,YZ1,Stem,Diseased,5,YZ1StemDiseased,S,NFQL
L1036,ZY2,Stem,Healthy,1,ZY2StemHealthy,N,XBNL
L1037,ZY2,Stem,Healthy,2,ZY2StemHealthy,N,XBNL
L1038,ZY2,Stem,Healthy,3,ZY2StemHealthy,N,XBNL
L1039,ZY2,Stem,Healthy,4,ZY2StemHealthy,N,XBNL
L1040,ZY2,Stem,Healthy,5,ZY2StemHealthy,N,XBNL
L1041,ZY2,Stem,Diseased,1,ZY2StemDiseased,N,XBNL
L1042,ZY2,Stem,Diseased,2,ZY2StemDiseased,N,XBNL
L1043,ZY2,Stem,Diseased,3,ZY2StemDiseased,N,XBNL
L1044,ZY2,Stem,Diseased,4,ZY2StemDiseased,N,XBNL
L1045,ZY2,Stem,Diseased,5,ZY2StemDiseased,N,XBNL
