ID,MSE,sig,tax,Genus,kingdom,superclass,class,sub_class,Compo,
NPA020304,4.371645677,**,Hedamycin,Streptomyces,Organic compounds,Benzenoids,Anthracenes,Anthraquinones,,
NPA006768,3.967881368,**,Scalusamide C,Penicillium,Organic compounds,Organoheterocyclic compounds,Pyrrolidines,N-acylpyrrolidines,7.76_282.2079m/z,"FABMS m/z 284 (M+ H)+; HRFABMS m/z 284.2216 [(M + H)+, calcd for C16H30-NO3, 284.2226]"
NPA016286,3.682953188,**,"2,4,6,8-tetramethyl-3,4-dihydroxydec-8(9)-enolide",Botrytis,Organic compounds,Organic oxygen compounds,Organooxygen compounds,Alcohols and polyols,"2,4,6,8-DM-3,4-DH-8(9)-L",
NPA010441,3.517342668,**,Penicolinate E,Penicillium,Organic compounds,Organoheterocyclic compounds,Pyridines and derivatives,Pyridinecarboxylic acids and derivatives,10.24_318.2070m/z,"Compound 511 (Table 1) revealed a molecular formula of C19H29O3N from the HRESIMS, and was confirmed by the mass ion peak at m/z 320.2218 [M+H]+"
NPA024541,3.409950313,**,Benzyl alcohols,Zopfiella,Organic compounds,Benzenoids,Benzene and substituted derivatives,Benzyl alcohols,,
NPA000866,3.118889542,**,Neoansamycin A,Streptomyces,Organic compounds,Benzenoids,Naphthalenes,Naphthoquinones,,
NPA004947,2.794843605,**,"(-)-4,6'-anhydrooxysporidinone",Fusarium,Organic compounds,Lipids and lipid like molecules,Prenol lipids,Terpene glycosides,,
NPA028781,2.577945299,**,Anabaenopeptin 864,Nostocales,Organic compounds,Organic acids and derivatives,Carboxylic acids and derivatives,,,
HMDB0259070,2.532604208,**,Tiaprost,Un,Organic compounds  ,Lipids and lipid like molecules,Fatty Acyls  ,Eicosanoids  ,,
NPA010752,2.330056412,**,Belactosin C,Streptomyces,Organic compounds,Organic acids and derivatives,Carboxylic acids and derivatives,"Amino acids, peptides, and analogues",,
NPA006802,2.303024974,**,Protophomine,Phoma,Organic compounds,Organoheterocyclic compounds,Isoindoles and derivatives,Isoindolines,,
HMDB0116815,2.256667897,**,Glycerophosphoglycerophosphoglycerols,Un,Organic compounds  ,Lipids and lipid like molecules,ClassGlycerophospholipids  ,Glycerophosphoglycerophosphoglycerols  ,GPPG,
NPA028298,2.156535234,**,Phomactin S,Biatriospora,Organic compounds,Organic oxygen compounds,Organooxygen compounds,Carbonyl compounds,,
NPA004370,2.138063168,**,Cytotrienin B,Streptomyces,Organic compounds,Phenylpropanoids and polyketides,Macrolactams,Unknown,,
NPA019769,2.137101444,**,Oasomycin C,Streptoverticillium,Organic compounds,Phenylpropanoids and polyketides,Macrolides and analogues,Unknown,,
NPA032709,2.077189724,**,X-14873A,Streptomyces,Organic compounds,Lipids and lipid like molecules,Prenol lipids,Sesterterpenoids,,
NPA030662,2.049408145,**,"Methyl 3,7-dihydroxy-15-cycloneranate",Trichoderma,Organic compounds,Lipids and lipid like molecules,Prenol lipids,Sesquiterpenoids,"Me 3,7-dihydroxy-15-cycloneranate",
HMDB0256223,2.041459284,**,Penethamate,Penicillium,Organic compounds  ,Organoheterocyclic compounds,ClassLactams  ,Beta lactams  ,,
NPA019568,1.953806546,**,Penicillinolide A,Penicillium,Organic compounds,Organoheterocyclic compounds,Lactones,Unknown,4.69_271.1557m/z,"was assigned the molecular formula C14H24O5 on the basis of HRESIMS data (m/z 295.1517 [M + Na]+ ),"
HMDB0253148,1.938208651,*,N-acyl-alpha amino acids,Un,Organic compounds  ,Organic acids and derivatives,ClassCarboxylic acids and derivatives  ,"Amino acids, peptides, and analogues  ",,
NPA003070,1.936024292,*,UK-78614,Streptomyces,Organic compounds,Phenylpropanoids and polyketides,Macrolides and analogues,Milbemycins,,
NPA022350,1.921573289,**,Piericidin F,Streptomyces,Organic compounds,Lipids and lipid like molecules,Prenol lipids,Sesquiterpenoids,,
NPA031612,1.898208556,**,Phellinignin B,Phellinus,Organic compounds,Lipids and lipid like molecules,Prenol lipids,Diterpenoids,,
NPA007495,1.890593573,*,8-Deoxylankolide,Streptomyces,Organic compounds,Phenylpropanoids and polyketides,Macrolides and analogues,Unknown,,
NPA030020,1.875673101,**,Tandyukisin B,Trichoderma,Organic compounds,Lipids and lipid like molecules,Fatty Acyls,Fatty acid esters,,
