SampleID,Site,Compartment,State,Rep,group
L1,MY1,Soil,Soil,1,MY1SoilSoil
L2,MY1,Soil,Soil,2,MY1SoilSoil
L3,MY1,Soil,Soil,3,MY1SoilSoil
L4,MY1,Soil,Soil,4,MY1SoilSoil
L5,MY1,Soil,Soil,5,MY1SoilSoil
L6,YJ2,Soil,Soil,1,YJ2SoilSoil
L7,YJ2,Soil,Soil,2,YJ2SoilSoil
L8,YJ2,Soil,Soil,3,YJ2SoilSoil
L9,YJ2,Soil,Soil,4,YJ2SoilSoil
L10,YJ2,Soil,Soil,5,YJ2SoilSoil
L11,GZ1,Soil,Soil,1,GZ1SoilSoil
L12,GZ1,Soil,Soil,2,GZ1SoilSoil
L13,GZ1,Soil,Soil,3,GZ1SoilSoil
L14,GZ1,Soil,Soil,4,GZ1SoilSoil
L15,GZ1,Soil,Soil,5,GZ1SoilSoil
L16,QJ2,Soil,Soil,1,QJ2SoilSoil
L17,QJ2,Soil,Soil,2,QJ2SoilSoil
L18,QJ2,Soil,Soil,3,QJ2SoilSoil
L19,QJ2,Soil,Soil,4,QJ2SoilSoil
L20,QJ2,Soil,Soil,5,QJ2SoilSoil
L21,DL2,Soil,Soil,1,DL2SoilSoil
L22,DL2,Soil,Soil,2,DL2SoilSoil
L23,DL2,Soil,Soil,3,DL2SoilSoil
L24,DL2,Soil,Soil,4,DL2SoilSoil
L25,DL2,Soil,Soil,5,DL2SoilSoil
L26,BS2,Soil,Soil,1,BS2SoilSoil
L27,BS2,Soil,Soil,2,BS2SoilSoil
L28,BS2,Soil,Soil,3,BS2SoilSoil
L29,BS2,Soil,Soil,4,BS2SoilSoil
L30,BS2,Soil,Soil,5,BS2SoilSoil
L31,LZ1,Soil,Soil,1,LZ1SoilSoil
L32,LZ1,Soil,Soil,2,LZ1SoilSoil
L33,LZ1,Soil,Soil,3,LZ1SoilSoil
L34,LZ1,Soil,Soil,4,LZ1SoilSoil
L35,LZ1,Soil,Soil,5,LZ1SoilSoil
L36,YZ1,Soil,Soil,1,YZ1SoilSoil
L37,YZ1,Soil,Soil,2,YZ1SoilSoil
L38,YZ1,Soil,Soil,3,YZ1SoilSoil
L39,YZ1,Soil,Soil,4,YZ1SoilSoil
L40,YZ1,Soil,Soil,5,YZ1SoilSoil
L41,SG1,Soil,Soil,1,SG1SoilSoil
L42,SG1,Soil,Soil,2,SG1SoilSoil
L43,SG1,Soil,Soil,3,SG1SoilSoil
L44,SG1,Soil,Soil,4,SG1SoilSoil
L45,SG1,Soil,Soil,5,SG1SoilSoil
L46,SM1,Soil,Soil,1,SM1SoilSoil
L47,SM1,Soil,Soil,2,SM1SoilSoil
L48,SM1,Soil,Soil,3,SM1SoilSoil
L49,SM1,Soil,Soil,4,SM1SoilSoil
L50,SM1,Soil,Soil,5,SM1SoilSoil
L51,JH1,Soil,Soil,1,JH1SoilSoil
L52,JH1,Soil,Soil,2,JH1SoilSoil
L53,JH1,Soil,Soil,3,JH1SoilSoil
L54,JH1,Soil,Soil,4,JH1SoilSoil
L55,JH1,Soil,Soil,5,JH1SoilSoil
L56,CS1,Soil,Soil,1,CS1SoilSoil
L57,CS1,Soil,Soil,2,CS1SoilSoil
L58,CS1,Soil,Soil,3,CS1SoilSoil
L59,CS1,Soil,Soil,4,CS1SoilSoil
L60,CS1,Soil,Soil,5,CS1SoilSoil
L61,XZ1,Soil,Soil,1,XZ1SoilSoil
L62,XZ1,Soil,Soil,2,XZ1SoilSoil
L63,XZ1,Soil,Soil,3,XZ1SoilSoil
L64,XZ1,Soil,Soil,4,XZ1SoilSoil
L65,XZ1,Soil,Soil,5,XZ1SoilSoil
L66,FY1,Soil,Soil,1,FY1SoilSoil
L67,FY1,Soil,Soil,2,FY1SoilSoil
L68,FY1,Soil,Soil,3,FY1SoilSoil
L69,FY1,Soil,Soil,4,FY1SoilSoil
L70,FY1,Soil,Soil,5,FY1SoilSoil
L71,LA2,Soil,Soil,1,LA2SoilSoil
L72,LA2,Soil,Soil,2,LA2SoilSoil
L73,LA2,Soil,Soil,3,LA2SoilSoil
L74,LA2,Soil,Soil,4,LA2SoilSoil
L75,LA2,Soil,Soil,5,LA2SoilSoil
L76,XC2,Soil,Soil,1,XC2SoilSoil
L77,XC2,Soil,Soil,2,XC2SoilSoil
L78,XC2,Soil,Soil,3,XC2SoilSoil
L79,XC2,Soil,Soil,4,XC2SoilSoil
L80,XC2,Soil,Soil,5,XC2SoilSoil
L81,XY2,Soil,Soil,1,XY2SoilSoil
L82,XY2,Soil,Soil,2,XY2SoilSoil
L83,XY2,Soil,Soil,3,XY2SoilSoil
L84,XY2,Soil,Soil,4,XY2SoilSoil
L85,XY2,Soil,Soil,5,XY2SoilSoil
L86,SQ,Soil,Soil,1,SQSoilSoil
L87,SQ,Soil,Soil,2,SQSoilSoil
L88,SQ,Soil,Soil,3,SQSoilSoil
L89,SQ,Soil,Soil,4,SQSoilSoil
L90,SQ,Soil,Soil,5,SQSoilSoil
L91,XX,Soil,Soil,1,XXSoilSoil
L92,XX,Soil,Soil,2,XXSoilSoil
L93,XX,Soil,Soil,3,XXSoilSoil
L94,XX,Soil,Soil,4,XXSoilSoil
L95,XX,Soil,Soil,5,XXSoilSoil
L96,YQ,Soil,Soil,1,YQSoilSoil
L97,YQ,Soil,Soil,2,YQSoilSoil
L98,YQ,Soil,Soil,3,YQSoilSoil
L99,YQ,Soil,Soil,4,YQSoilSoil
L100,YQ,Soil,Soil,5,YQSoilSoil
L101,JN,Soil,Soil,1,JNSoilSoil
L102,JN,Soil,Soil,2,JNSoilSoil
L103,JN,Soil,Soil,3,JNSoilSoil
L104,JN,Soil,Soil,4,JNSoilSoil
L105,JN,Soil,Soil,5,JNSoilSoil
L106,BD1,Soil,Soil,1,BD1SoilSoil
L107,BD1,Soil,Soil,2,BD1SoilSoil
L108,BD1,Soil,Soil,3,BD1SoilSoil
L109,BD1,Soil,Soil,4,BD1SoilSoil
L110,BD1,Soil,Soil,5,BD1SoilSoil
L111,YL,Soil,Soil,1,YLSoilSoil
L112,YL,Soil,Soil,2,YLSoilSoil
L113,YL,Soil,Soil,3,YLSoilSoil
L114,YL,Soil,Soil,4,YLSoilSoil
L115,YL,Soil,Soil,5,YLSoilSoil
L116,GY,Soil,Soil,1,GYSoilSoil
L117,GY,Soil,Soil,2,GYSoilSoil
L118,GY,Soil,Soil,3,GYSoilSoil
L119,GY,Soil,Soil,4,GYSoilSoil
L120,GY,Soil,Soil,5,GYSoilSoil
L121,SZS,Soil,Soil,1,SZSSoilSoil
L122,SZS,Soil,Soil,2,SZSSoilSoil
L123,SZS,Soil,Soil,3,SZSSoilSoil
L124,SZS,Soil,Soil,4,SZSSoilSoil
L125,SZS,Soil,Soil,5,SZSSoilSoil
L126,ZY2,Soil,Soil,1,ZY2SoilSoil
L127,ZY2,Soil,Soil,2,ZY2SoilSoil
L128,ZY2,Soil,Soil,3,ZY2SoilSoil
L129,ZY2,Soil,Soil,4,ZY2SoilSoil
L130,ZY2,Soil,Soil,5,ZY2SoilSoil
L131,YK,Soil,Soil,1,YKSoilSoil
L132,YK,Soil,Soil,2,YKSoilSoil
L133,YK,Soil,Soil,3,YKSoilSoil
L134,YK,Soil,Soil,4,YKSoilSoil
L135,YK,Soil,Soil,5,YKSoilSoil
L136,SP,Soil,Soil,1,SPSoilSoil
L137,SP,Soil,Soil,2,SPSoilSoil
L138,SP,Soil,Soil,3,SPSoilSoil
L139,SP,Soil,Soil,4,SPSoilSoil
L140,SP,Soil,Soil,5,SPSoilSoil
L141,CC,Soil,Soil,1,CCSoilSoil
L142,CC,Soil,Soil,2,CCSoilSoil
L143,CC,Soil,Soil,3,CCSoilSoil
L144,CC,Soil,Soil,4,CCSoilSoil
L145,CC,Soil,Soil,5,CCSoilSoil
L146,SY,Soil,Soil,1,SYSoilSoil
L147,SY,Soil,Soil,2,SYSoilSoil
L148,SY,Soil,Soil,3,SYSoilSoil
L149,SY,Soil,Soil,4,SYSoilSoil
L150,SY,Soil,Soil,5,SYSoilSoil
L151,HEB,Soil,Soil,1,HEBSoilSoil
L152,HEB,Soil,Soil,2,HEBSoilSoil
L153,HEB,Soil,Soil,3,HEBSoilSoil
L154,HEB,Soil,Soil,4,HEBSoilSoil
L155,HEB,Soil,Soil,5,HEBSoilSoil
L156,SH,Soil,Soil,1,SHSoilSoil
L157,SH,Soil,Soil,2,SHSoilSoil
L158,SH,Soil,Soil,3,SHSoilSoil
L159,SH,Soil,Soil,4,SHSoilSoil
L160,SH,Soil,Soil,5,SHSoilSoil
L161,JJ,Soil,Soil,1,JJSoilSoil
L162,JJ,Soil,Soil,2,JJSoilSoil
L163,JJ,Soil,Soil,3,JJSoilSoil
L164,JJ,Soil,Soil,4,JJSoilSoil
L165,JJ,Soil,Soil,5,JJSoilSoil
L166,MY1,Rhizosphere,Healthy,1,MY1RhizosphereHealthy
L167,MY1,Rhizosphere,Healthy,2,MY1RhizosphereHealthy
L168,MY1,Rhizosphere,Healthy,3,MY1RhizosphereHealthy
L169,MY1,Rhizosphere,Healthy,4,MY1RhizosphereHealthy
L170,MY1,Rhizosphere,Healthy,5,MY1RhizosphereHealthy
L171,MY1,Rhizosphere,Diseased,1,MY1RhizosphereDiseased
L172,MY1,Rhizosphere,Diseased,2,MY1RhizosphereDiseased
L173,MY1,Rhizosphere,Diseased,3,MY1RhizosphereDiseased
L174,MY1,Rhizosphere,Diseased,4,MY1RhizosphereDiseased
L175,MY1,Rhizosphere,Diseased,5,MY1RhizosphereDiseased
L176,YJ2,Rhizosphere,Healthy,1,YJ2RhizosphereHealthy
L177,YJ2,Rhizosphere,Healthy,2,YJ2RhizosphereHealthy
L178,YJ2,Rhizosphere,Healthy,3,YJ2RhizosphereHealthy
L179,YJ2,Rhizosphere,Healthy,4,YJ2RhizosphereHealthy
L180,YJ2,Rhizosphere,Healthy,5,YJ2RhizosphereHealthy
L181,YJ2,Rhizosphere,Diseased,1,YJ2RhizosphereDiseased
L182,YJ2,Rhizosphere,Diseased,2,YJ2RhizosphereDiseased
L183,YJ2,Rhizosphere,Diseased,3,YJ2RhizosphereDiseased
L184,YJ2,Rhizosphere,Diseased,4,YJ2RhizosphereDiseased
L185,YJ2,Rhizosphere,Diseased,5,YJ2RhizosphereDiseased
L186,GZ1,Rhizosphere,Healthy,1,GZ1RhizosphereHealthy
L187,GZ1,Rhizosphere,Healthy,2,GZ1RhizosphereHealthy
L188,GZ1,Rhizosphere,Healthy,3,GZ1RhizosphereHealthy
L189,GZ1,Rhizosphere,Healthy,4,GZ1RhizosphereHealthy
L190,GZ1,Rhizosphere,Healthy,5,GZ1RhizosphereHealthy
L191,GZ1,Rhizosphere,Diseased,1,GZ1RhizosphereDiseased
L192,GZ1,Rhizosphere,Diseased,2,GZ1RhizosphereDiseased
L193,GZ1,Rhizosphere,Diseased,3,GZ1RhizosphereDiseased
L194,GZ1,Rhizosphere,Diseased,4,GZ1RhizosphereDiseased
L195,GZ1,Rhizosphere,Diseased,5,GZ1RhizosphereDiseased
L196,QJ2,Rhizosphere,Healthy,1,QJ2RhizosphereHealthy
L197,QJ2,Rhizosphere,Healthy,2,QJ2RhizosphereHealthy
L198,QJ2,Rhizosphere,Healthy,3,QJ2RhizosphereHealthy
L199,QJ2,Rhizosphere,Healthy,4,QJ2RhizosphereHealthy
L200,QJ2,Rhizosphere,Healthy,5,QJ2RhizosphereHealthy
L201,QJ2,Rhizosphere,Diseased,1,QJ2RhizosphereDiseased
L202,QJ2,Rhizosphere,Diseased,2,QJ2RhizosphereDiseased
L203,QJ2,Rhizosphere,Diseased,3,QJ2RhizosphereDiseased
L204,QJ2,Rhizosphere,Diseased,4,QJ2RhizosphereDiseased
L205,QJ2,Rhizosphere,Diseased,5,QJ2RhizosphereDiseased
L206,DL2,Rhizosphere,Healthy,1,DL2RhizosphereHealthy
L207,DL2,Rhizosphere,Healthy,2,DL2RhizosphereHealthy
L208,DL2,Rhizosphere,Healthy,3,DL2RhizosphereHealthy
L209,DL2,Rhizosphere,Healthy,4,DL2RhizosphereHealthy
L210,DL2,Rhizosphere,Healthy,5,DL2RhizosphereHealthy
L211,DL2,Rhizosphere,Diseased,1,DL2RhizosphereDiseased
L212,DL2,Rhizosphere,Diseased,2,DL2RhizosphereDiseased
L213,DL2,Rhizosphere,Diseased,3,DL2RhizosphereDiseased
L214,DL2,Rhizosphere,Diseased,4,DL2RhizosphereDiseased
L215,DL2,Rhizosphere,Diseased,5,DL2RhizosphereDiseased
L216,BS2,Rhizosphere,Healthy,1,BS2RhizosphereHealthy
L217,BS2,Rhizosphere,Healthy,2,BS2RhizosphereHealthy
L218,BS2,Rhizosphere,Healthy,3,BS2RhizosphereHealthy
L219,BS2,Rhizosphere,Healthy,4,BS2RhizosphereHealthy
L220,BS2,Rhizosphere,Healthy,5,BS2RhizosphereHealthy
L221,BS2,Rhizosphere,Diseased,1,BS2RhizosphereDiseased
L222,BS2,Rhizosphere,Diseased,2,BS2RhizosphereDiseased
L223,BS2,Rhizosphere,Diseased,3,BS2RhizosphereDiseased
L224,BS2,Rhizosphere,Diseased,4,BS2RhizosphereDiseased
L225,BS2,Rhizosphere,Diseased,5,BS2RhizosphereDiseased
L226,LZ1,Rhizosphere,Healthy,1,LZ1RhizosphereHealthy
L227,LZ1,Rhizosphere,Healthy,2,LZ1RhizosphereHealthy
L228,LZ1,Rhizosphere,Healthy,3,LZ1RhizosphereHealthy
L229,LZ1,Rhizosphere,Healthy,4,LZ1RhizosphereHealthy
L230,LZ1,Rhizosphere,Healthy,5,LZ1RhizosphereHealthy
L231,LZ1,Rhizosphere,Diseased,1,LZ1RhizosphereDiseased
L232,LZ1,Rhizosphere,Diseased,2,LZ1RhizosphereDiseased
L233,LZ1,Rhizosphere,Diseased,3,LZ1RhizosphereDiseased
L234,LZ1,Rhizosphere,Diseased,4,LZ1RhizosphereDiseased
L235,LZ1,Rhizosphere,Diseased,5,LZ1RhizosphereDiseased
L236,YZ1,Rhizosphere,Healthy,1,YZ1RhizosphereHealthy
L237,YZ1,Rhizosphere,Healthy,2,YZ1RhizosphereHealthy
L238,YZ1,Rhizosphere,Healthy,3,YZ1RhizosphereHealthy
L239,YZ1,Rhizosphere,Healthy,4,YZ1RhizosphereHealthy
L240,YZ1,Rhizosphere,Healthy,5,YZ1RhizosphereHealthy
L241,YZ1,Rhizosphere,Diseased,1,YZ1RhizosphereDiseased
L242,YZ1,Rhizosphere,Diseased,2,YZ1RhizosphereDiseased
L243,YZ1,Rhizosphere,Diseased,3,YZ1RhizosphereDiseased
L244,YZ1,Rhizosphere,Diseased,4,YZ1RhizosphereDiseased
L245,YZ1,Rhizosphere,Diseased,5,YZ1RhizosphereDiseased
L246,SG1,Rhizosphere,Healthy,1,SG1RhizosphereHealthy
L247,SG1,Rhizosphere,Healthy,2,SG1RhizosphereHealthy
L248,SG1,Rhizosphere,Healthy,3,SG1RhizosphereHealthy
L249,SG1,Rhizosphere,Healthy,4,SG1RhizosphereHealthy
L250,SG1,Rhizosphere,Healthy,5,SG1RhizosphereHealthy
L251,SG1,Rhizosphere,Diseased,1,SG1RhizosphereDiseased
L252,SG1,Rhizosphere,Diseased,2,SG1RhizosphereDiseased
L253,SG1,Rhizosphere,Diseased,3,SG1RhizosphereDiseased
L254,SG1,Rhizosphere,Diseased,4,SG1RhizosphereDiseased
L255,SG1,Rhizosphere,Diseased,5,SG1RhizosphereDiseased
L256,SM1,Rhizosphere,Healthy,1,SM1RhizosphereHealthy
L257,SM1,Rhizosphere,Healthy,2,SM1RhizosphereHealthy
L258,SM1,Rhizosphere,Healthy,3,SM1RhizosphereHealthy
L259,SM1,Rhizosphere,Healthy,4,SM1RhizosphereHealthy
L260,SM1,Rhizosphere,Healthy,5,SM1RhizosphereHealthy
L261,SM1,Rhizosphere,Diseased,1,SM1RhizosphereDiseased
L262,SM1,Rhizosphere,Diseased,2,SM1RhizosphereDiseased
L263,SM1,Rhizosphere,Diseased,3,SM1RhizosphereDiseased
L264,SM1,Rhizosphere,Diseased,4,SM1RhizosphereDiseased
L265,SM1,Rhizosphere,Diseased,5,SM1RhizosphereDiseased
L266,JH1,Rhizosphere,Healthy,1,JH1RhizosphereHealthy
L267,JH1,Rhizosphere,Healthy,2,JH1RhizosphereHealthy
L268,JH1,Rhizosphere,Healthy,3,JH1RhizosphereHealthy
L269,JH1,Rhizosphere,Healthy,4,JH1RhizosphereHealthy
L270,JH1,Rhizosphere,Healthy,5,JH1RhizosphereHealthy
L271,JH1,Rhizosphere,Diseased,1,JH1RhizosphereDiseased
L272,JH1,Rhizosphere,Diseased,2,JH1RhizosphereDiseased
L273,JH1,Rhizosphere,Diseased,3,JH1RhizosphereDiseased
L274,JH1,Rhizosphere,Diseased,4,JH1RhizosphereDiseased
L275,JH1,Rhizosphere,Diseased,5,JH1RhizosphereDiseased
L276,CS1,Rhizosphere,Healthy,1,CS1RhizosphereHealthy
L277,CS1,Rhizosphere,Healthy,2,CS1RhizosphereHealthy
L278,CS1,Rhizosphere,Healthy,3,CS1RhizosphereHealthy
L279,CS1,Rhizosphere,Healthy,4,CS1RhizosphereHealthy
L280,CS1,Rhizosphere,Healthy,5,CS1RhizosphereHealthy
L281,CS1,Rhizosphere,Diseased,1,CS1RhizosphereDiseased
L282,CS1,Rhizosphere,Diseased,2,CS1RhizosphereDiseased
L283,CS1,Rhizosphere,Diseased,3,CS1RhizosphereDiseased
L284,CS1,Rhizosphere,Diseased,4,CS1RhizosphereDiseased
L285,CS1,Rhizosphere,Diseased,5,CS1RhizosphereDiseased
L286,XZ1,Rhizosphere,Healthy,1,XZ1RhizosphereHealthy
L287,XZ1,Rhizosphere,Healthy,2,XZ1RhizosphereHealthy
L288,XZ1,Rhizosphere,Healthy,3,XZ1RhizosphereHealthy
L289,XZ1,Rhizosphere,Healthy,4,XZ1RhizosphereHealthy
L290,XZ1,Rhizosphere,Healthy,5,XZ1RhizosphereHealthy
L291,XZ1,Rhizosphere,Diseased,1,XZ1RhizosphereDiseased
L292,XZ1,Rhizosphere,Diseased,2,XZ1RhizosphereDiseased
L293,XZ1,Rhizosphere,Diseased,3,XZ1RhizosphereDiseased
L294,XZ1,Rhizosphere,Diseased,4,XZ1RhizosphereDiseased
L295,XZ1,Rhizosphere,Diseased,5,XZ1RhizosphereDiseased
L296,FY1,Rhizosphere,Healthy,1,FY1RhizosphereHealthy
L297,FY1,Rhizosphere,Healthy,2,FY1RhizosphereHealthy
L298,FY1,Rhizosphere,Healthy,3,FY1RhizosphereHealthy
L299,FY1,Rhizosphere,Healthy,4,FY1RhizosphereHealthy
L300,FY1,Rhizosphere,Healthy,5,FY1RhizosphereHealthy
L301,FY1,Rhizosphere,Diseased,1,FY1RhizosphereDiseased
L302,FY1,Rhizosphere,Diseased,2,FY1RhizosphereDiseased
L303,FY1,Rhizosphere,Diseased,3,FY1RhizosphereDiseased
L304,FY1,Rhizosphere,Diseased,4,FY1RhizosphereDiseased
L305,FY1,Rhizosphere,Diseased,5,FY1RhizosphereDiseased
L306,LA2,Rhizosphere,Healthy,1,LA2RhizosphereHealthy
L307,LA2,Rhizosphere,Healthy,2,LA2RhizosphereHealthy
L308,LA2,Rhizosphere,Healthy,3,LA2RhizosphereHealthy
L309,LA2,Rhizosphere,Healthy,4,LA2RhizosphereHealthy
L310,LA2,Rhizosphere,Healthy,5,LA2RhizosphereHealthy
L311,LA2,Rhizosphere,Diseased,1,LA2RhizosphereDiseased
L312,LA2,Rhizosphere,Diseased,2,LA2RhizosphereDiseased
L313,LA2,Rhizosphere,Diseased,3,LA2RhizosphereDiseased
L314,LA2,Rhizosphere,Diseased,4,LA2RhizosphereDiseased
L315,LA2,Rhizosphere,Diseased,5,LA2RhizosphereDiseased
L316,XC2,Rhizosphere,Healthy,1,XC2RhizosphereHealthy
L317,XC2,Rhizosphere,Healthy,2,XC2RhizosphereHealthy
L318,XC2,Rhizosphere,Healthy,3,XC2RhizosphereHealthy
L319,XC2,Rhizosphere,Healthy,4,XC2RhizosphereHealthy
L320,XC2,Rhizosphere,Healthy,5,XC2RhizosphereHealthy
L321,XC2,Rhizosphere,Diseased,1,XC2RhizosphereDiseased
L322,XC2,Rhizosphere,Diseased,2,XC2RhizosphereDiseased
L323,XC2,Rhizosphere,Diseased,3,XC2RhizosphereDiseased
L324,XC2,Rhizosphere,Diseased,4,XC2RhizosphereDiseased
L325,XC2,Rhizosphere,Diseased,5,XC2RhizosphereDiseased
L326,XY2,Rhizosphere,Healthy,1,XY2RhizosphereHealthy
L327,XY2,Rhizosphere,Healthy,2,XY2RhizosphereHealthy
L328,XY2,Rhizosphere,Healthy,3,XY2RhizosphereHealthy
L329,XY2,Rhizosphere,Healthy,4,XY2RhizosphereHealthy
L330,XY2,Rhizosphere,Healthy,5,XY2RhizosphereHealthy
L331,XY2,Rhizosphere,Diseased,1,XY2RhizosphereDiseased
L332,XY2,Rhizosphere,Diseased,2,XY2RhizosphereDiseased
L333,XY2,Rhizosphere,Diseased,3,XY2RhizosphereDiseased
L334,XY2,Rhizosphere,Diseased,4,XY2RhizosphereDiseased
L335,XY2,Rhizosphere,Diseased,5,XY2RhizosphereDiseased
L336,SQ,Rhizosphere,Healthy,1,SQRhizosphereHealthy
L337,SQ,Rhizosphere,Healthy,2,SQRhizosphereHealthy
L338,SQ,Rhizosphere,Healthy,3,SQRhizosphereHealthy
L339,SQ,Rhizosphere,Healthy,4,SQRhizosphereHealthy
L340,SQ,Rhizosphere,Healthy,5,SQRhizosphereHealthy
L341,SQ,Rhizosphere,Diseased,1,SQRhizosphereDiseased
L342,SQ,Rhizosphere,Diseased,2,SQRhizosphereDiseased
L343,SQ,Rhizosphere,Diseased,3,SQRhizosphereDiseased
L344,SQ,Rhizosphere,Diseased,4,SQRhizosphereDiseased
L345,SQ,Rhizosphere,Diseased,5,SQRhizosphereDiseased
L346,XX,Rhizosphere,Healthy,1,XXRhizosphereHealthy
L347,XX,Rhizosphere,Healthy,2,XXRhizosphereHealthy
L348,XX,Rhizosphere,Healthy,3,XXRhizosphereHealthy
L349,XX,Rhizosphere,Healthy,4,XXRhizosphereHealthy
L350,XX,Rhizosphere,Healthy,5,XXRhizosphereHealthy
L351,XX,Rhizosphere,Diseased,1,XXRhizosphereDiseased
L352,XX,Rhizosphere,Diseased,2,XXRhizosphereDiseased
L353,XX,Rhizosphere,Diseased,3,XXRhizosphereDiseased
L354,XX,Rhizosphere,Diseased,4,XXRhizosphereDiseased
L355,XX,Rhizosphere,Diseased,5,XXRhizosphereDiseased
L356,YQ,Rhizosphere,Healthy,1,YQRhizosphereHealthy
L357,YQ,Rhizosphere,Healthy,2,YQRhizosphereHealthy
L358,YQ,Rhizosphere,Healthy,3,YQRhizosphereHealthy
L359,YQ,Rhizosphere,Healthy,4,YQRhizosphereHealthy
L360,YQ,Rhizosphere,Healthy,5,YQRhizosphereHealthy
L361,YQ,Rhizosphere,Diseased,1,YQRhizosphereDiseased
L362,YQ,Rhizosphere,Diseased,2,YQRhizosphereDiseased
L363,YQ,Rhizosphere,Diseased,3,YQRhizosphereDiseased
L364,YQ,Rhizosphere,Diseased,4,YQRhizosphereDiseased
L365,YQ,Rhizosphere,Diseased,5,YQRhizosphereDiseased
L366,JN,Rhizosphere,Healthy,1,JNRhizosphereHealthy
L367,JN,Rhizosphere,Healthy,2,JNRhizosphereHealthy
L368,JN,Rhizosphere,Healthy,3,JNRhizosphereHealthy
L369,JN,Rhizosphere,Healthy,4,JNRhizosphereHealthy
L370,JN,Rhizosphere,Healthy,5,JNRhizosphereHealthy
L371,JN,Rhizosphere,Diseased,1,JNRhizosphereDiseased
L372,JN,Rhizosphere,Diseased,2,JNRhizosphereDiseased
L373,JN,Rhizosphere,Diseased,3,JNRhizosphereDiseased
L374,JN,Rhizosphere,Diseased,4,JNRhizosphereDiseased
L375,JN,Rhizosphere,Diseased,5,JNRhizosphereDiseased
L376,BD1,Rhizosphere,Healthy,1,BD1RhizosphereHealthy
L377,BD1,Rhizosphere,Healthy,2,BD1RhizosphereHealthy
L378,BD1,Rhizosphere,Healthy,3,BD1RhizosphereHealthy
L379,BD1,Rhizosphere,Healthy,4,BD1RhizosphereHealthy
L380,BD1,Rhizosphere,Healthy,5,BD1RhizosphereHealthy
L381,BD1,Rhizosphere,Diseased,1,BD1RhizosphereDiseased
L382,BD1,Rhizosphere,Diseased,2,BD1RhizosphereDiseased
L383,BD1,Rhizosphere,Diseased,3,BD1RhizosphereDiseased
L384,BD1,Rhizosphere,Diseased,4,BD1RhizosphereDiseased
L385,BD1,Rhizosphere,Diseased,5,BD1RhizosphereDiseased
L386,YL,Rhizosphere,Healthy,1,YLRhizosphereHealthy
L387,YL,Rhizosphere,Healthy,2,YLRhizosphereHealthy
L388,YL,Rhizosphere,Healthy,3,YLRhizosphereHealthy
L389,YL,Rhizosphere,Healthy,4,YLRhizosphereHealthy
L390,YL,Rhizosphere,Healthy,5,YLRhizosphereHealthy
L391,YL,Rhizosphere,Diseased,1,YLRhizosphereDiseased
L392,YL,Rhizosphere,Diseased,2,YLRhizosphereDiseased
L393,YL,Rhizosphere,Diseased,3,YLRhizosphereDiseased
L394,YL,Rhizosphere,Diseased,4,YLRhizosphereDiseased
L395,YL,Rhizosphere,Diseased,5,YLRhizosphereDiseased
L396,GY,Rhizosphere,Healthy,1,GYRhizosphereHealthy
L397,GY,Rhizosphere,Healthy,2,GYRhizosphereHealthy
L398,GY,Rhizosphere,Healthy,3,GYRhizosphereHealthy
L399,GY,Rhizosphere,Healthy,4,GYRhizosphereHealthy
L400,GY,Rhizosphere,Healthy,5,GYRhizosphereHealthy
L401,GY,Rhizosphere,Diseased,1,GYRhizosphereDiseased
L402,GY,Rhizosphere,Diseased,2,GYRhizosphereDiseased
L403,GY,Rhizosphere,Diseased,3,GYRhizosphereDiseased
L404,GY,Rhizosphere,Diseased,4,GYRhizosphereDiseased
L405,GY,Rhizosphere,Diseased,5,GYRhizosphereDiseased
L406,SZS,Rhizosphere,Healthy,1,SZSRhizosphereHealthy
L407,SZS,Rhizosphere,Healthy,2,SZSRhizosphereHealthy
L408,SZS,Rhizosphere,Healthy,3,SZSRhizosphereHealthy
L409,SZS,Rhizosphere,Healthy,4,SZSRhizosphereHealthy
L410,SZS,Rhizosphere,Healthy,5,SZSRhizosphereHealthy
L411,SZS,Rhizosphere,Diseased,1,SZSRhizosphereDiseased
L412,SZS,Rhizosphere,Diseased,2,SZSRhizosphereDiseased
L413,SZS,Rhizosphere,Diseased,3,SZSRhizosphereDiseased
L414,SZS,Rhizosphere,Diseased,4,SZSRhizosphereDiseased
L415,SZS,Rhizosphere,Diseased,5,SZSRhizosphereDiseased
L416,ZY2,Rhizosphere,Healthy,1,ZY2RhizosphereHealthy
L417,ZY2,Rhizosphere,Healthy,2,ZY2RhizosphereHealthy
L418,ZY2,Rhizosphere,Healthy,3,ZY2RhizosphereHealthy
L419,ZY2,Rhizosphere,Healthy,4,ZY2RhizosphereHealthy
L420,ZY2,Rhizosphere,Healthy,5,ZY2RhizosphereHealthy
L421,ZY2,Rhizosphere,Diseased,1,ZY2RhizosphereDiseased
L422,ZY2,Rhizosphere,Diseased,2,ZY2RhizosphereDiseased
L423,ZY2,Rhizosphere,Diseased,3,ZY2RhizosphereDiseased
L424,ZY2,Rhizosphere,Diseased,4,ZY2RhizosphereDiseased
L425,ZY2,Rhizosphere,Diseased,5,ZY2RhizosphereDiseased
L426,YK,Rhizosphere,Healthy,1,YKRhizosphereHealthy
L427,YK,Rhizosphere,Healthy,2,YKRhizosphereHealthy
L428,YK,Rhizosphere,Healthy,3,YKRhizosphereHealthy
L429,YK,Rhizosphere,Healthy,4,YKRhizosphereHealthy
L430,YK,Rhizosphere,Healthy,5,YKRhizosphereHealthy
L431,YK,Rhizosphere,Diseased,1,YKRhizosphereDiseased
L432,YK,Rhizosphere,Diseased,2,YKRhizosphereDiseased
L433,YK,Rhizosphere,Diseased,3,YKRhizosphereDiseased
L434,YK,Rhizosphere,Diseased,4,YKRhizosphereDiseased
L435,YK,Rhizosphere,Diseased,5,YKRhizosphereDiseased
L436,SP,Rhizosphere,Healthy,1,SPRhizosphereHealthy
L437,SP,Rhizosphere,Healthy,2,SPRhizosphereHealthy
L438,SP,Rhizosphere,Healthy,3,SPRhizosphereHealthy
L439,SP,Rhizosphere,Healthy,4,SPRhizosphereHealthy
L440,SP,Rhizosphere,Healthy,5,SPRhizosphereHealthy
L441,SP,Rhizosphere,Diseased,1,SPRhizosphereDiseased
L442,SP,Rhizosphere,Diseased,2,SPRhizosphereDiseased
L443,SP,Rhizosphere,Diseased,3,SPRhizosphereDiseased
L444,SP,Rhizosphere,Diseased,4,SPRhizosphereDiseased
L445,SP,Rhizosphere,Diseased,5,SPRhizosphereDiseased
L446,CC,Rhizosphere,Healthy,1,CCRhizosphereHealthy
L447,CC,Rhizosphere,Healthy,2,CCRhizosphereHealthy
L448,CC,Rhizosphere,Healthy,3,CCRhizosphereHealthy
L449,CC,Rhizosphere,Healthy,4,CCRhizosphereHealthy
L450,CC,Rhizosphere,Healthy,5,CCRhizosphereHealthy
L451,CC,Rhizosphere,Diseased,1,CCRhizosphereDiseased
L452,CC,Rhizosphere,Diseased,2,CCRhizosphereDiseased
L453,CC,Rhizosphere,Diseased,3,CCRhizosphereDiseased
L454,CC,Rhizosphere,Diseased,4,CCRhizosphereDiseased
L455,CC,Rhizosphere,Diseased,5,CCRhizosphereDiseased
L456,SY,Rhizosphere,Healthy,1,SYRhizosphereHealthy
L457,SY,Rhizosphere,Healthy,2,SYRhizosphereHealthy
L458,SY,Rhizosphere,Healthy,3,SYRhizosphereHealthy
L459,SY,Rhizosphere,Healthy,4,SYRhizosphereHealthy
L460,SY,Rhizosphere,Healthy,5,SYRhizosphereHealthy
L461,SY,Rhizosphere,Diseased,1,SYRhizosphereDiseased
L462,SY,Rhizosphere,Diseased,2,SYRhizosphereDiseased
L463,SY,Rhizosphere,Diseased,3,SYRhizosphereDiseased
L464,SY,Rhizosphere,Diseased,4,SYRhizosphereDiseased
L465,SY,Rhizosphere,Diseased,5,SYRhizosphereDiseased
L466,HEB,Rhizosphere,Healthy,1,HEBRhizosphereHealthy
L467,HEB,Rhizosphere,Healthy,2,HEBRhizosphereHealthy
L468,HEB,Rhizosphere,Healthy,3,HEBRhizosphereHealthy
L469,HEB,Rhizosphere,Healthy,4,HEBRhizosphereHealthy
L470,HEB,Rhizosphere,Healthy,5,HEBRhizosphereHealthy
L471,HEB,Rhizosphere,Diseased,1,HEBRhizosphereDiseased
L472,HEB,Rhizosphere,Diseased,2,HEBRhizosphereDiseased
L473,HEB,Rhizosphere,Diseased,3,HEBRhizosphereDiseased
L474,HEB,Rhizosphere,Diseased,4,HEBRhizosphereDiseased
L475,HEB,Rhizosphere,Diseased,5,HEBRhizosphereDiseased
L476,SH,Rhizosphere,Healthy,1,SHRhizosphereHealthy
L477,SH,Rhizosphere,Healthy,2,SHRhizosphereHealthy
L478,SH,Rhizosphere,Healthy,3,SHRhizosphereHealthy
L479,SH,Rhizosphere,Healthy,4,SHRhizosphereHealthy
L480,SH,Rhizosphere,Healthy,5,SHRhizosphereHealthy
L481,SH,Rhizosphere,Diseased,1,SHRhizosphereDiseased
L482,SH,Rhizosphere,Diseased,2,SHRhizosphereDiseased
L483,SH,Rhizosphere,Diseased,3,SHRhizosphereDiseased
L484,SH,Rhizosphere,Diseased,4,SHRhizosphereDiseased
L485,SH,Rhizosphere,Diseased,5,SHRhizosphereDiseased
L486,JJ,Rhizosphere,Healthy,1,JJRhizosphereHealthy
L487,JJ,Rhizosphere,Healthy,2,JJRhizosphereHealthy
L488,JJ,Rhizosphere,Healthy,3,JJRhizosphereHealthy
L489,JJ,Rhizosphere,Healthy,4,JJRhizosphereHealthy
L490,JJ,Rhizosphere,Healthy,5,JJRhizosphereHealthy
L491,JJ,Rhizosphere,Diseased,1,JJRhizosphereDiseased
L492,JJ,Rhizosphere,Diseased,2,JJRhizosphereDiseased
L493,JJ,Rhizosphere,Diseased,3,JJRhizosphereDiseased
L494,JJ,Rhizosphere,Diseased,4,JJRhizosphereDiseased
L495,JJ,Rhizosphere,Diseased,5,JJRhizosphereDiseased
L496,MY1,Root,Healthy,1,MY1RootHealthy
L497,MY1,Root,Healthy,2,MY1RootHealthy
L498,MY1,Root,Healthy,3,MY1RootHealthy
L499,MY1,Root,Healthy,4,MY1RootHealthy
L500,MY1,Root,Healthy,5,MY1RootHealthy
L501,MY1,Root,Diseased,1,MY1RootDiseased
L502,MY1,Root,Diseased,2,MY1RootDiseased
L503,MY1,Root,Diseased,3,MY1RootDiseased
L504,MY1,Root,Diseased,4,MY1RootDiseased
L505,MY1,Root,Diseased,5,MY1RootDiseased
L506,YJ2,Root,Healthy,1,YJ2RootHealthy
L507,YJ2,Root,Healthy,2,YJ2RootHealthy
L508,YJ2,Root,Healthy,3,YJ2RootHealthy
L509,YJ2,Root,Healthy,4,YJ2RootHealthy
L510,YJ2,Root,Healthy,5,YJ2RootHealthy
L511,YJ2,Root,Diseased,1,YJ2RootDiseased
L512,YJ2,Root,Diseased,2,YJ2RootDiseased
L513,YJ2,Root,Diseased,3,YJ2RootDiseased
L514,YJ2,Root,Diseased,4,YJ2RootDiseased
L515,YJ2,Root,Diseased,5,YJ2RootDiseased
L516,GZ1,Root,Healthy,1,GZ1RootHealthy
L517,GZ1,Root,Healthy,2,GZ1RootHealthy
L518,GZ1,Root,Healthy,3,GZ1RootHealthy
L519,GZ1,Root,Healthy,4,GZ1RootHealthy
L520,GZ1,Root,Healthy,5,GZ1RootHealthy
L521,GZ1,Root,Diseased,1,GZ1RootDiseased
L522,GZ1,Root,Diseased,2,GZ1RootDiseased
L523,GZ1,Root,Diseased,3,GZ1RootDiseased
L524,GZ1,Root,Diseased,4,GZ1RootDiseased
L525,GZ1,Root,Diseased,5,GZ1RootDiseased
L526,QJ2,Root,Healthy,1,QJ2RootHealthy
L527,QJ2,Root,Healthy,2,QJ2RootHealthy
L528,QJ2,Root,Healthy,3,QJ2RootHealthy
L529,QJ2,Root,Healthy,4,QJ2RootHealthy
L530,QJ2,Root,Healthy,5,QJ2RootHealthy
L531,QJ2,Root,Diseased,1,QJ2RootDiseased
L532,QJ2,Root,Diseased,2,QJ2RootDiseased
L533,QJ2,Root,Diseased,3,QJ2RootDiseased
L534,QJ2,Root,Diseased,4,QJ2RootDiseased
L535,QJ2,Root,Diseased,5,QJ2RootDiseased
L536,DL2,Root,Healthy,1,DL2RootHealthy
L537,DL2,Root,Healthy,2,DL2RootHealthy
L538,DL2,Root,Healthy,3,DL2RootHealthy
L539,DL2,Root,Healthy,4,DL2RootHealthy
L540,DL2,Root,Healthy,5,DL2RootHealthy
L541,DL2,Root,Diseased,1,DL2RootDiseased
L542,DL2,Root,Diseased,2,DL2RootDiseased
L543,DL2,Root,Diseased,3,DL2RootDiseased
L544,DL2,Root,Diseased,4,DL2RootDiseased
L545,DL2,Root,Diseased,5,DL2RootDiseased
L546,BS2,Root,Healthy,1,BS2RootHealthy
L547,BS2,Root,Healthy,2,BS2RootHealthy
L548,BS2,Root,Healthy,3,BS2RootHealthy
L549,BS2,Root,Healthy,4,BS2RootHealthy
L550,BS2,Root,Healthy,5,BS2RootHealthy
L551,BS2,Root,Diseased,1,BS2RootDiseased
L552,BS2,Root,Diseased,2,BS2RootDiseased
L553,BS2,Root,Diseased,3,BS2RootDiseased
L554,BS2,Root,Diseased,4,BS2RootDiseased
L555,BS2,Root,Diseased,5,BS2RootDiseased
L556,LZ1,Root,Healthy,1,LZ1RootHealthy
L557,LZ1,Root,Healthy,2,LZ1RootHealthy
L558,LZ1,Root,Healthy,3,LZ1RootHealthy
L559,LZ1,Root,Healthy,4,LZ1RootHealthy
L560,LZ1,Root,Healthy,5,LZ1RootHealthy
L561,LZ1,Root,Diseased,1,LZ1RootDiseased
L562,LZ1,Root,Diseased,2,LZ1RootDiseased
L563,LZ1,Root,Diseased,3,LZ1RootDiseased
L564,LZ1,Root,Diseased,4,LZ1RootDiseased
L565,LZ1,Root,Diseased,5,LZ1RootDiseased
L566,YZ1,Root,Healthy,1,YZ1RootHealthy
L567,YZ1,Root,Healthy,2,YZ1RootHealthy
L568,YZ1,Root,Healthy,3,YZ1RootHealthy
L569,YZ1,Root,Healthy,4,YZ1RootHealthy
L570,YZ1,Root,Healthy,5,YZ1RootHealthy
L571,YZ1,Root,Diseased,1,YZ1RootDiseased
L572,YZ1,Root,Diseased,2,YZ1RootDiseased
L573,YZ1,Root,Diseased,3,YZ1RootDiseased
L574,YZ1,Root,Diseased,4,YZ1RootDiseased
L575,YZ1,Root,Diseased,5,YZ1RootDiseased
L576,SG1,Root,Healthy,1,SG1RootHealthy
L577,SG1,Root,Healthy,2,SG1RootHealthy
L578,SG1,Root,Healthy,3,SG1RootHealthy
L579,SG1,Root,Healthy,4,SG1RootHealthy
L580,SG1,Root,Healthy,5,SG1RootHealthy
L581,SG1,Root,Diseased,1,SG1RootDiseased
L582,SG1,Root,Diseased,2,SG1RootDiseased
L583,SG1,Root,Diseased,3,SG1RootDiseased
L584,SG1,Root,Diseased,4,SG1RootDiseased
L585,SG1,Root,Diseased,5,SG1RootDiseased
L586,SM1,Root,Healthy,1,SM1RootHealthy
L587,SM1,Root,Healthy,2,SM1RootHealthy
L588,SM1,Root,Healthy,3,SM1RootHealthy
L589,SM1,Root,Healthy,4,SM1RootHealthy
L590,SM1,Root,Healthy,5,SM1RootHealthy
L591,SM1,Root,Diseased,1,SM1RootDiseased
L592,SM1,Root,Diseased,2,SM1RootDiseased
L593,SM1,Root,Diseased,3,SM1RootDiseased
L594,SM1,Root,Diseased,4,SM1RootDiseased
L595,SM1,Root,Diseased,5,SM1RootDiseased
L596,JH1,Root,Healthy,1,JH1RootHealthy
L597,JH1,Root,Healthy,2,JH1RootHealthy
L598,JH1,Root,Healthy,3,JH1RootHealthy
L599,JH1,Root,Healthy,4,JH1RootHealthy
L600,JH1,Root,Healthy,5,JH1RootHealthy
L601,JH1,Root,Diseased,1,JH1RootDiseased
L602,JH1,Root,Diseased,2,JH1RootDiseased
L603,JH1,Root,Diseased,3,JH1RootDiseased
L604,JH1,Root,Diseased,4,JH1RootDiseased
L605,JH1,Root,Diseased,5,JH1RootDiseased
L606,CS1,Root,Healthy,1,CS1RootHealthy
L607,CS1,Root,Healthy,2,CS1RootHealthy
L608,CS1,Root,Healthy,3,CS1RootHealthy
L609,CS1,Root,Healthy,4,CS1RootHealthy
L610,CS1,Root,Healthy,5,CS1RootHealthy
L611,CS1,Root,Diseased,1,CS1RootDiseased
L612,CS1,Root,Diseased,2,CS1RootDiseased
L613,CS1,Root,Diseased,3,CS1RootDiseased
L614,CS1,Root,Diseased,4,CS1RootDiseased
L615,CS1,Root,Diseased,5,CS1RootDiseased
L616,XZ1,Root,Healthy,1,XZ1RootHealthy
L617,XZ1,Root,Healthy,2,XZ1RootHealthy
L618,XZ1,Root,Healthy,3,XZ1RootHealthy
L619,XZ1,Root,Healthy,4,XZ1RootHealthy
L620,XZ1,Root,Healthy,5,XZ1RootHealthy
L621,XZ1,Root,Diseased,1,XZ1RootDiseased
L622,XZ1,Root,Diseased,2,XZ1RootDiseased
L623,XZ1,Root,Diseased,3,XZ1RootDiseased
L624,XZ1,Root,Diseased,4,XZ1RootDiseased
L625,XZ1,Root,Diseased,5,XZ1RootDiseased
L626,FY1,Root,Healthy,1,FY1RootHealthy
L627,FY1,Root,Healthy,2,FY1RootHealthy
L628,FY1,Root,Healthy,3,FY1RootHealthy
L629,FY1,Root,Healthy,4,FY1RootHealthy
L630,FY1,Root,Healthy,5,FY1RootHealthy
L631,FY1,Root,Diseased,1,FY1RootDiseased
L632,FY1,Root,Diseased,2,FY1RootDiseased
L633,FY1,Root,Diseased,3,FY1RootDiseased
L634,FY1,Root,Diseased,4,FY1RootDiseased
L635,FY1,Root,Diseased,5,FY1RootDiseased
L636,LA2,Root,Healthy,1,LA2RootHealthy
L637,LA2,Root,Healthy,2,LA2RootHealthy
L638,LA2,Root,Healthy,3,LA2RootHealthy
L639,LA2,Root,Healthy,4,LA2RootHealthy
L640,LA2,Root,Healthy,5,LA2RootHealthy
L641,LA2,Root,Diseased,1,LA2RootDiseased
L642,LA2,Root,Diseased,2,LA2RootDiseased
L643,LA2,Root,Diseased,3,LA2RootDiseased
L644,LA2,Root,Diseased,4,LA2RootDiseased
L645,LA2,Root,Diseased,5,LA2RootDiseased
L646,XC2,Root,Healthy,1,XC2RootHealthy
L647,XC2,Root,Healthy,2,XC2RootHealthy
L648,XC2,Root,Healthy,3,XC2RootHealthy
L649,XC2,Root,Healthy,4,XC2RootHealthy
L650,XC2,Root,Healthy,5,XC2RootHealthy
L651,XC2,Root,Diseased,1,XC2RootDiseased
L652,XC2,Root,Diseased,2,XC2RootDiseased
L653,XC2,Root,Diseased,3,XC2RootDiseased
L654,XC2,Root,Diseased,4,XC2RootDiseased
L655,XC2,Root,Diseased,5,XC2RootDiseased
L656,XY2,Root,Healthy,1,XY2RootHealthy
L657,XY2,Root,Healthy,2,XY2RootHealthy
L658,XY2,Root,Healthy,3,XY2RootHealthy
L659,XY2,Root,Healthy,4,XY2RootHealthy
L660,XY2,Root,Healthy,5,XY2RootHealthy
L661,XY2,Root,Diseased,1,XY2RootDiseased
L662,XY2,Root,Diseased,2,XY2RootDiseased
L663,XY2,Root,Diseased,3,XY2RootDiseased
L664,XY2,Root,Diseased,4,XY2RootDiseased
L665,XY2,Root,Diseased,5,XY2RootDiseased
L666,SQ,Root,Healthy,1,SQRootHealthy
L667,SQ,Root,Healthy,2,SQRootHealthy
L668,SQ,Root,Healthy,3,SQRootHealthy
L669,SQ,Root,Healthy,4,SQRootHealthy
L670,SQ,Root,Healthy,5,SQRootHealthy
L671,SQ,Root,Diseased,1,SQRootDiseased
L672,SQ,Root,Diseased,2,SQRootDiseased
L673,SQ,Root,Diseased,3,SQRootDiseased
L674,SQ,Root,Diseased,4,SQRootDiseased
L675,SQ,Root,Diseased,5,SQRootDiseased
L676,XX,Root,Healthy,1,XXRootHealthy
L677,XX,Root,Healthy,2,XXRootHealthy
L678,XX,Root,Healthy,3,XXRootHealthy
L679,XX,Root,Healthy,4,XXRootHealthy
L680,XX,Root,Healthy,5,XXRootHealthy
L681,XX,Root,Diseased,1,XXRootDiseased
L682,XX,Root,Diseased,2,XXRootDiseased
L683,XX,Root,Diseased,3,XXRootDiseased
L684,XX,Root,Diseased,4,XXRootDiseased
L685,XX,Root,Diseased,5,XXRootDiseased
L686,YQ,Root,Healthy,1,YQRootHealthy
L687,YQ,Root,Healthy,2,YQRootHealthy
L688,YQ,Root,Healthy,3,YQRootHealthy
L689,YQ,Root,Healthy,4,YQRootHealthy
L690,YQ,Root,Healthy,5,YQRootHealthy
L691,YQ,Root,Diseased,1,YQRootDiseased
L692,YQ,Root,Diseased,2,YQRootDiseased
L693,YQ,Root,Diseased,3,YQRootDiseased
L694,YQ,Root,Diseased,4,YQRootDiseased
L695,YQ,Root,Diseased,5,YQRootDiseased
L696,JN,Root,Healthy,1,JNRootHealthy
L697,JN,Root,Healthy,2,JNRootHealthy
L698,JN,Root,Healthy,3,JNRootHealthy
L699,JN,Root,Healthy,4,JNRootHealthy
L700,JN,Root,Healthy,5,JNRootHealthy
L701,JN,Root,Diseased,1,JNRootDiseased
L702,JN,Root,Diseased,2,JNRootDiseased
L703,JN,Root,Diseased,3,JNRootDiseased
L704,JN,Root,Diseased,4,JNRootDiseased
L705,JN,Root,Diseased,5,JNRootDiseased
L706,BD1,Root,Healthy,1,BD1RootHealthy
L707,BD1,Root,Healthy,2,BD1RootHealthy
L708,BD1,Root,Healthy,3,BD1RootHealthy
L709,BD1,Root,Healthy,4,BD1RootHealthy
L710,BD1,Root,Healthy,5,BD1RootHealthy
L711,BD1,Root,Diseased,1,BD1RootDiseased
L712,BD1,Root,Diseased,2,BD1RootDiseased
L713,BD1,Root,Diseased,3,BD1RootDiseased
L714,BD1,Root,Diseased,4,BD1RootDiseased
L715,BD1,Root,Diseased,5,BD1RootDiseased
L716,GY,Root,Healthy,1,GYRootHealthy
L717,GY,Root,Healthy,2,GYRootHealthy
L718,GY,Root,Healthy,3,GYRootHealthy
L719,GY,Root,Healthy,4,GYRootHealthy
L720,GY,Root,Healthy,5,GYRootHealthy
L721,GY,Root,Diseased,1,GYRootDiseased
L722,GY,Root,Diseased,2,GYRootDiseased
L723,GY,Root,Diseased,3,GYRootDiseased
L724,GY,Root,Diseased,4,GYRootDiseased
L725,GY,Root,Diseased,5,GYRootDiseased
L726,SZS,Root,Healthy,1,SZSRootHealthy
L727,SZS,Root,Healthy,2,SZSRootHealthy
L728,SZS,Root,Healthy,3,SZSRootHealthy
L729,SZS,Root,Healthy,4,SZSRootHealthy
L730,SZS,Root,Healthy,5,SZSRootHealthy
L731,SZS,Root,Diseased,1,SZSRootDiseased
L732,SZS,Root,Diseased,2,SZSRootDiseased
L733,SZS,Root,Diseased,3,SZSRootDiseased
L734,SZS,Root,Diseased,4,SZSRootDiseased
L735,SZS,Root,Diseased,5,SZSRootDiseased
L736,ZY2,Root,Healthy,1,ZY2RootHealthy
L737,ZY2,Root,Healthy,2,ZY2RootHealthy
L738,ZY2,Root,Healthy,3,ZY2RootHealthy
L739,ZY2,Root,Healthy,4,ZY2RootHealthy
L740,ZY2,Root,Healthy,5,ZY2RootHealthy
L741,ZY2,Root,Diseased,1,ZY2RootDiseased
L742,ZY2,Root,Diseased,2,ZY2RootDiseased
L743,ZY2,Root,Diseased,3,ZY2RootDiseased
L744,ZY2,Root,Diseased,4,ZY2RootDiseased
L745,ZY2,Root,Diseased,5,ZY2RootDiseased
L746,YK,Root,Healthy,1,YKRootHealthy
L747,YK,Root,Healthy,2,YKRootHealthy
L748,YK,Root,Healthy,3,YKRootHealthy
L749,YK,Root,Healthy,4,YKRootHealthy
L750,YK,Root,Healthy,5,YKRootHealthy
L751,YK,Root,Diseased,1,YKRootDiseased
L752,YK,Root,Diseased,2,YKRootDiseased
L753,YK,Root,Diseased,3,YKRootDiseased
L754,YK,Root,Diseased,4,YKRootDiseased
L755,YK,Root,Diseased,5,YKRootDiseased
L756,SP,Root,Healthy,1,SPRootHealthy
L757,SP,Root,Healthy,2,SPRootHealthy
L758,SP,Root,Healthy,3,SPRootHealthy
L759,SP,Root,Healthy,4,SPRootHealthy
L760,SP,Root,Healthy,5,SPRootHealthy
L761,SP,Root,Diseased,1,SPRootDiseased
L762,SP,Root,Diseased,2,SPRootDiseased
L763,SP,Root,Diseased,3,SPRootDiseased
L764,SP,Root,Diseased,4,SPRootDiseased
L765,SP,Root,Diseased,5,SPRootDiseased
L766,CC,Root,Healthy,1,CCRootHealthy
L767,CC,Root,Healthy,2,CCRootHealthy
L768,CC,Root,Healthy,3,CCRootHealthy
L769,CC,Root,Healthy,4,CCRootHealthy
L770,CC,Root,Healthy,5,CCRootHealthy
L771,CC,Root,Diseased,1,CCRootDiseased
L772,CC,Root,Diseased,2,CCRootDiseased
L773,CC,Root,Diseased,3,CCRootDiseased
L774,CC,Root,Diseased,4,CCRootDiseased
L775,CC,Root,Diseased,5,CCRootDiseased
L776,SY,Root,Healthy,1,SYRootHealthy
L777,SY,Root,Healthy,2,SYRootHealthy
L778,SY,Root,Healthy,3,SYRootHealthy
L779,SY,Root,Healthy,4,SYRootHealthy
L780,SY,Root,Healthy,5,SYRootHealthy
L781,SY,Root,Diseased,1,SYRootDiseased
L782,SY,Root,Diseased,2,SYRootDiseased
L783,SY,Root,Diseased,3,SYRootDiseased
L784,SY,Root,Diseased,4,SYRootDiseased
L785,SY,Root,Diseased,5,SYRootDiseased
L786,HEB,Root,Healthy,1,HEBRootHealthy
L787,HEB,Root,Healthy,2,HEBRootHealthy
L788,HEB,Root,Healthy,3,HEBRootHealthy
L789,HEB,Root,Healthy,4,HEBRootHealthy
L790,HEB,Root,Healthy,5,HEBRootHealthy
L791,HEB,Root,Diseased,1,HEBRootDiseased
L792,HEB,Root,Diseased,2,HEBRootDiseased
L793,HEB,Root,Diseased,3,HEBRootDiseased
L794,HEB,Root,Diseased,4,HEBRootDiseased
L795,HEB,Root,Diseased,5,HEBRootDiseased
L796,SH,Root,Healthy,1,SHRootHealthy
L797,SH,Root,Healthy,2,SHRootHealthy
L798,SH,Root,Healthy,3,SHRootHealthy
L799,SH,Root,Healthy,4,SHRootHealthy
L800,SH,Root,Healthy,5,SHRootHealthy
L801,SH,Root,Diseased,1,SHRootDiseased
L802,SH,Root,Diseased,2,SHRootDiseased
L803,SH,Root,Diseased,3,SHRootDiseased
L804,SH,Root,Diseased,4,SHRootDiseased
L805,SH,Root,Diseased,5,SHRootDiseased
L806,JJ,Root,Healthy,1,JJRootHealthy
L807,JJ,Root,Healthy,2,JJRootHealthy
L808,JJ,Root,Healthy,3,JJRootHealthy
L809,JJ,Root,Healthy,4,JJRootHealthy
L810,JJ,Root,Healthy,5,JJRootHealthy
L811,JJ,Root,Diseased,1,JJRootDiseased
L812,JJ,Root,Diseased,2,JJRootDiseased
L813,JJ,Root,Diseased,3,JJRootDiseased
L814,JJ,Root,Diseased,4,JJRootDiseased
L815,JJ,Root,Diseased,5,JJRootDiseased
L816,MY1,Stem,Healthy,1,MY1StemHealthy
L817,MY1,Stem,Healthy,2,MY1StemHealthy
L818,MY1,Stem,Healthy,3,MY1StemHealthy
L819,MY1,Stem,Healthy,4,MY1StemHealthy
L820,MY1,Stem,Healthy,5,MY1StemHealthy
L821,MY1,Stem,Diseased,1,MY1StemDiseased
L822,MY1,Stem,Diseased,2,MY1StemDiseased
L823,MY1,Stem,Diseased,3,MY1StemDiseased
L824,MY1,Stem,Diseased,4,MY1StemDiseased
L825,MY1,Stem,Diseased,5,MY1StemDiseased
L826,YJ2,Stem,Healthy,1,YJ2StemHealthy
L827,YJ2,Stem,Healthy,2,YJ2StemHealthy
L828,YJ2,Stem,Healthy,3,YJ2StemHealthy
L829,YJ2,Stem,Healthy,4,YJ2StemHealthy
L830,YJ2,Stem,Healthy,5,YJ2StemHealthy
L831,YJ2,Stem,Diseased,1,YJ2StemDiseased
L832,YJ2,Stem,Diseased,2,YJ2StemDiseased
L833,YJ2,Stem,Diseased,3,YJ2StemDiseased
L834,YJ2,Stem,Diseased,4,YJ2StemDiseased
L835,YJ2,Stem,Diseased,5,YJ2StemDiseased
L836,GZ1,Stem,Healthy,1,GZ1StemHealthy
L837,GZ1,Stem,Healthy,2,GZ1StemHealthy
L838,GZ1,Stem,Healthy,3,GZ1StemHealthy
L839,GZ1,Stem,Healthy,4,GZ1StemHealthy
L840,GZ1,Stem,Healthy,5,GZ1StemHealthy
L841,GZ1,Stem,Diseased,1,GZ1StemDiseased
L842,GZ1,Stem,Diseased,2,GZ1StemDiseased
L843,GZ1,Stem,Diseased,3,GZ1StemDiseased
L844,GZ1,Stem,Diseased,4,GZ1StemDiseased
L845,GZ1,Stem,Diseased,5,GZ1StemDiseased
L846,QJ2,Stem,Healthy,1,QJ2StemHealthy
L847,QJ2,Stem,Healthy,2,QJ2StemHealthy
L848,QJ2,Stem,Healthy,3,QJ2StemHealthy
L849,QJ2,Stem,Healthy,4,QJ2StemHealthy
L850,QJ2,Stem,Healthy,5,QJ2StemHealthy
L851,QJ2,Stem,Diseased,1,QJ2StemDiseased
L852,QJ2,Stem,Diseased,2,QJ2StemDiseased
L853,QJ2,Stem,Diseased,3,QJ2StemDiseased
L854,QJ2,Stem,Diseased,4,QJ2StemDiseased
L855,QJ2,Stem,Diseased,5,QJ2StemDiseased
L856,DL2,Stem,Healthy,1,DL2StemHealthy
L857,DL2,Stem,Healthy,2,DL2StemHealthy
L858,DL2,Stem,Healthy,3,DL2StemHealthy
L859,DL2,Stem,Healthy,4,DL2StemHealthy
L860,DL2,Stem,Healthy,5,DL2StemHealthy
L861,DL2,Stem,Diseased,1,DL2StemDiseased
L862,DL2,Stem,Diseased,2,DL2StemDiseased
L863,DL2,Stem,Diseased,3,DL2StemDiseased
L864,DL2,Stem,Diseased,4,DL2StemDiseased
L865,DL2,Stem,Diseased,5,DL2StemDiseased
L866,BS2,Stem,Healthy,1,BS2StemHealthy
L867,BS2,Stem,Healthy,2,BS2StemHealthy
L868,BS2,Stem,Healthy,3,BS2StemHealthy
L869,BS2,Stem,Healthy,4,BS2StemHealthy
L870,BS2,Stem,Healthy,5,BS2StemHealthy
L871,BS2,Stem,Diseased,1,BS2StemDiseased
L872,BS2,Stem,Diseased,2,BS2StemDiseased
L873,BS2,Stem,Diseased,3,BS2StemDiseased
L874,BS2,Stem,Diseased,4,BS2StemDiseased
L875,BS2,Stem,Diseased,5,BS2StemDiseased
L876,LZ1,Stem,Healthy,1,LZ1StemHealthy
L877,LZ1,Stem,Healthy,2,LZ1StemHealthy
L878,LZ1,Stem,Healthy,3,LZ1StemHealthy
L879,LZ1,Stem,Healthy,4,LZ1StemHealthy
L880,LZ1,Stem,Healthy,5,LZ1StemHealthy
L881,LZ1,Stem,Diseased,1,LZ1StemDiseased
L882,LZ1,Stem,Diseased,2,LZ1StemDiseased
L883,LZ1,Stem,Diseased,3,LZ1StemDiseased
L884,LZ1,Stem,Diseased,4,LZ1StemDiseased
L885,LZ1,Stem,Diseased,5,LZ1StemDiseased
L886,YZ1,Stem,Healthy,1,YZ1StemHealthy
L887,YZ1,Stem,Healthy,2,YZ1StemHealthy
L888,YZ1,Stem,Healthy,3,YZ1StemHealthy
L889,YZ1,Stem,Healthy,4,YZ1StemHealthy
L890,YZ1,Stem,Healthy,5,YZ1StemHealthy
L891,YZ1,Stem,Diseased,1,YZ1StemDiseased
L892,YZ1,Stem,Diseased,2,YZ1StemDiseased
L893,YZ1,Stem,Diseased,3,YZ1StemDiseased
L894,YZ1,Stem,Diseased,4,YZ1StemDiseased
L895,YZ1,Stem,Diseased,5,YZ1StemDiseased
L896,SG1,Stem,Healthy,1,SG1StemHealthy
L897,SG1,Stem,Healthy,2,SG1StemHealthy
L898,SG1,Stem,Healthy,3,SG1StemHealthy
L899,SG1,Stem,Healthy,4,SG1StemHealthy
L900,SG1,Stem,Healthy,5,SG1StemHealthy
L901,SG1,Stem,Diseased,1,SG1StemDiseased
L902,SG1,Stem,Diseased,2,SG1StemDiseased
L903,SG1,Stem,Diseased,3,SG1StemDiseased
L904,SG1,Stem,Diseased,4,SG1StemDiseased
L905,SG1,Stem,Diseased,5,SG1StemDiseased
L906,JH1,Stem,Healthy,1,JH1StemHealthy
L907,JH1,Stem,Healthy,2,JH1StemHealthy
L908,JH1,Stem,Healthy,3,JH1StemHealthy
L909,JH1,Stem,Healthy,4,JH1StemHealthy
L910,JH1,Stem,Healthy,5,JH1StemHealthy
L911,JH1,Stem,Diseased,1,JH1StemDiseased
L912,JH1,Stem,Diseased,2,JH1StemDiseased
L913,JH1,Stem,Diseased,3,JH1StemDiseased
L914,JH1,Stem,Diseased,4,JH1StemDiseased
L915,JH1,Stem,Diseased,5,JH1StemDiseased
L916,CS1,Stem,Healthy,1,CS1StemHealthy
L917,CS1,Stem,Healthy,2,CS1StemHealthy
L918,CS1,Stem,Healthy,3,CS1StemHealthy
L919,CS1,Stem,Healthy,4,CS1StemHealthy
L920,CS1,Stem,Healthy,5,CS1StemHealthy
L921,CS1,Stem,Diseased,1,CS1StemDiseased
L922,CS1,Stem,Diseased,2,CS1StemDiseased
L923,CS1,Stem,Diseased,3,CS1StemDiseased
L924,CS1,Stem,Diseased,4,CS1StemDiseased
L925,CS1,Stem,Diseased,5,CS1StemDiseased
L926,XZ1,Stem,Healthy,1,XZ1StemHealthy
L927,XZ1,Stem,Healthy,2,XZ1StemHealthy
L928,XZ1,Stem,Healthy,3,XZ1StemHealthy
L929,XZ1,Stem,Healthy,4,XZ1StemHealthy
L930,XZ1,Stem,Healthy,5,XZ1StemHealthy
L931,XZ1,Stem,Diseased,1,XZ1StemDiseased
L932,XZ1,Stem,Diseased,2,XZ1StemDiseased
L933,XZ1,Stem,Diseased,3,XZ1StemDiseased
L934,XZ1,Stem,Diseased,4,XZ1StemDiseased
L935,XZ1,Stem,Diseased,5,XZ1StemDiseased
L936,FY1,Stem,Healthy,1,FY1StemHealthy
L937,FY1,Stem,Healthy,2,FY1StemHealthy
L938,FY1,Stem,Healthy,3,FY1StemHealthy
L939,FY1,Stem,Healthy,4,FY1StemHealthy
L940,FY1,Stem,Healthy,5,FY1StemHealthy
L941,FY1,Stem,Diseased,1,FY1StemDiseased
L942,FY1,Stem,Diseased,2,FY1StemDiseased
L943,FY1,Stem,Diseased,3,FY1StemDiseased
L944,FY1,Stem,Diseased,4,FY1StemDiseased
L945,FY1,Stem,Diseased,5,FY1StemDiseased
L946,LA2,Stem,Healthy,1,LA2StemHealthy
L947,LA2,Stem,Healthy,2,LA2StemHealthy
L948,LA2,Stem,Healthy,3,LA2StemHealthy
L949,LA2,Stem,Healthy,4,LA2StemHealthy
L950,LA2,Stem,Healthy,5,LA2StemHealthy
L951,LA2,Stem,Diseased,1,LA2StemDiseased
L952,LA2,Stem,Diseased,2,LA2StemDiseased
L953,LA2,Stem,Diseased,3,LA2StemDiseased
L954,LA2,Stem,Diseased,4,LA2StemDiseased
L955,LA2,Stem,Diseased,5,LA2StemDiseased
L956,XC2,Stem,Healthy,1,XC2StemHealthy
L957,XC2,Stem,Healthy,2,XC2StemHealthy
L958,XC2,Stem,Healthy,3,XC2StemHealthy
L959,XC2,Stem,Healthy,4,XC2StemHealthy
L960,XC2,Stem,Healthy,5,XC2StemHealthy
L961,XC2,Stem,Diseased,1,XC2StemDiseased
L962,XC2,Stem,Diseased,2,XC2StemDiseased
L963,XC2,Stem,Diseased,3,XC2StemDiseased
L964,XC2,Stem,Diseased,4,XC2StemDiseased
L965,XC2,Stem,Diseased,5,XC2StemDiseased
L966,SQ,Stem,Healthy,1,SQStemHealthy
L967,SQ,Stem,Healthy,2,SQStemHealthy
L968,SQ,Stem,Healthy,3,SQStemHealthy
L969,SQ,Stem,Healthy,4,SQStemHealthy
L970,SQ,Stem,Healthy,5,SQStemHealthy
L971,SQ,Stem,Diseased,1,SQStemDiseased
L972,SQ,Stem,Diseased,2,SQStemDiseased
L973,SQ,Stem,Diseased,3,SQStemDiseased
L974,SQ,Stem,Diseased,4,SQStemDiseased
L975,SQ,Stem,Diseased,5,SQStemDiseased
L976,XX,Stem,Healthy,1,XXStemHealthy
L977,XX,Stem,Healthy,2,XXStemHealthy
L978,XX,Stem,Healthy,3,XXStemHealthy
L979,XX,Stem,Healthy,4,XXStemHealthy
L980,XX,Stem,Healthy,5,XXStemHealthy
L981,XX,Stem,Diseased,1,XXStemDiseased
L982,XX,Stem,Diseased,2,XXStemDiseased
L983,XX,Stem,Diseased,3,XXStemDiseased
L984,XX,Stem,Diseased,4,XXStemDiseased
L985,XX,Stem,Diseased,5,XXStemDiseased
L986,YQ,Stem,Healthy,1,YQStemHealthy
L987,YQ,Stem,Healthy,2,YQStemHealthy
L988,YQ,Stem,Healthy,3,YQStemHealthy
L989,YQ,Stem,Healthy,4,YQStemHealthy
L990,YQ,Stem,Healthy,5,YQStemHealthy
L991,YQ,Stem,Diseased,1,YQStemDiseased
L992,YQ,Stem,Diseased,2,YQStemDiseased
L993,YQ,Stem,Diseased,3,YQStemDiseased
L994,YQ,Stem,Diseased,4,YQStemDiseased
L995,YQ,Stem,Diseased,5,YQStemDiseased
L996,JN,Stem,Healthy,1,JNStemHealthy
L997,JN,Stem,Healthy,2,JNStemHealthy
L998,JN,Stem,Healthy,3,JNStemHealthy
L999,JN,Stem,Healthy,4,JNStemHealthy
L1000,JN,Stem,Healthy,5,JNStemHealthy
L1001,JN,Stem,Diseased,1,JNStemDiseased
L1002,JN,Stem,Diseased,2,JNStemDiseased
L1003,JN,Stem,Diseased,3,JNStemDiseased
L1004,JN,Stem,Diseased,4,JNStemDiseased
L1005,JN,Stem,Diseased,5,JNStemDiseased
L1006,BD1,Stem,Healthy,1,BD1StemHealthy
L1007,BD1,Stem,Healthy,2,BD1StemHealthy
L1008,BD1,Stem,Healthy,3,BD1StemHealthy
L1009,BD1,Stem,Healthy,4,BD1StemHealthy
L1010,BD1,Stem,Healthy,5,BD1StemHealthy
L1011,BD1,Stem,Diseased,1,BD1StemDiseased
L1012,BD1,Stem,Diseased,2,BD1StemDiseased
L1013,BD1,Stem,Diseased,3,BD1StemDiseased
L1014,BD1,Stem,Diseased,4,BD1StemDiseased
L1015,BD1,Stem,Diseased,5,BD1StemDiseased
L1016,GY,Stem,Healthy,1,GYStemHealthy
L1017,GY,Stem,Healthy,2,GYStemHealthy
L1018,GY,Stem,Healthy,3,GYStemHealthy
L1019,GY,Stem,Healthy,4,GYStemHealthy
L1020,GY,Stem,Healthy,5,GYStemHealthy
L1021,GY,Stem,Diseased,1,GYStemDiseased
L1022,GY,Stem,Diseased,2,GYStemDiseased
L1023,GY,Stem,Diseased,3,GYStemDiseased
L1024,GY,Stem,Diseased,4,GYStemDiseased
L1025,GY,Stem,Diseased,5,GYStemDiseased
L1026,SZS,Stem,Healthy,1,SZSStemHealthy
L1027,SZS,Stem,Healthy,2,SZSStemHealthy
L1028,SZS,Stem,Healthy,3,SZSStemHealthy
L1029,SZS,Stem,Healthy,4,SZSStemHealthy
L1030,SZS,Stem,Healthy,5,SZSStemHealthy
L1031,SZS,Stem,Diseased,1,SZSStemDiseased
L1032,SZS,Stem,Diseased,2,SZSStemDiseased
L1033,SZS,Stem,Diseased,3,SZSStemDiseased
L1034,SZS,Stem,Diseased,4,SZSStemDiseased
L1035,SZS,Stem,Diseased,5,SZSStemDiseased
L1036,ZY2,Stem,Healthy,1,ZY2StemHealthy
L1037,ZY2,Stem,Healthy,2,ZY2StemHealthy
L1038,ZY2,Stem,Healthy,3,ZY2StemHealthy
L1039,ZY2,Stem,Healthy,4,ZY2StemHealthy
L1040,ZY2,Stem,Healthy,5,ZY2StemHealthy
L1041,ZY2,Stem,Diseased,1,ZY2StemDiseased
L1042,ZY2,Stem,Diseased,2,ZY2StemDiseased
L1043,ZY2,Stem,Diseased,3,ZY2StemDiseased
L1044,ZY2,Stem,Diseased,4,ZY2StemDiseased
L1045,ZY2,Stem,Diseased,5,ZY2StemDiseased
L1046,YK,Stem,Healthy,1,YKStemHealthy
L1047,YK,Stem,Healthy,2,YKStemHealthy
L1048,YK,Stem,Healthy,3,YKStemHealthy
L1049,YK,Stem,Healthy,4,YKStemHealthy
L1050,YK,Stem,Healthy,5,YKStemHealthy
L1051,YK,Stem,Diseased,1,YKStemDiseased
L1052,YK,Stem,Diseased,2,YKStemDiseased
L1053,YK,Stem,Diseased,3,YKStemDiseased
L1054,YK,Stem,Diseased,4,YKStemDiseased
L1055,YK,Stem,Diseased,5,YKStemDiseased
L1056,SP,Stem,Healthy,1,SPStemHealthy
L1057,SP,Stem,Healthy,2,SPStemHealthy
L1058,SP,Stem,Healthy,3,SPStemHealthy
L1059,SP,Stem,Healthy,4,SPStemHealthy
L1060,SP,Stem,Healthy,5,SPStemHealthy
L1061,SP,Stem,Diseased,1,SPStemDiseased
L1062,SP,Stem,Diseased,2,SPStemDiseased
L1063,SP,Stem,Diseased,3,SPStemDiseased
L1064,SP,Stem,Diseased,4,SPStemDiseased
L1065,SP,Stem,Diseased,5,SPStemDiseased
L1066,CC,Stem,Healthy,1,CCStemHealthy
L1067,CC,Stem,Healthy,2,CCStemHealthy
L1068,CC,Stem,Healthy,3,CCStemHealthy
L1069,CC,Stem,Healthy,4,CCStemHealthy
L1070,CC,Stem,Healthy,5,CCStemHealthy
L1071,CC,Stem,Diseased,1,CCStemDiseased
L1072,CC,Stem,Diseased,2,CCStemDiseased
L1073,CC,Stem,Diseased,3,CCStemDiseased
L1074,CC,Stem,Diseased,4,CCStemDiseased
L1075,CC,Stem,Diseased,5,CCStemDiseased
L1076,SY,Stem,Healthy,1,SYStemHealthy
L1077,SY,Stem,Healthy,2,SYStemHealthy
L1078,SY,Stem,Healthy,3,SYStemHealthy
L1079,SY,Stem,Healthy,4,SYStemHealthy
L1080,SY,Stem,Healthy,5,SYStemHealthy
L1081,SY,Stem,Diseased,1,SYStemDiseased
L1082,SY,Stem,Diseased,2,SYStemDiseased
L1083,SY,Stem,Diseased,3,SYStemDiseased
L1084,SY,Stem,Diseased,4,SYStemDiseased
L1085,SY,Stem,Diseased,5,SYStemDiseased
L1086,HEB,Stem,Healthy,1,HEBStemHealthy
L1087,HEB,Stem,Healthy,2,HEBStemHealthy
L1088,HEB,Stem,Healthy,3,HEBStemHealthy
L1089,HEB,Stem,Healthy,4,HEBStemHealthy
L1090,HEB,Stem,Healthy,5,HEBStemHealthy
L1091,HEB,Stem,Diseased,1,HEBStemDiseased
L1092,HEB,Stem,Diseased,2,HEBStemDiseased
L1093,HEB,Stem,Diseased,3,HEBStemDiseased
L1094,HEB,Stem,Diseased,4,HEBStemDiseased
L1095,HEB,Stem,Diseased,5,HEBStemDiseased
L1096,SH,Stem,Healthy,1,SHStemHealthy
L1097,SH,Stem,Healthy,2,SHStemHealthy
L1098,SH,Stem,Healthy,3,SHStemHealthy
L1099,SH,Stem,Healthy,4,SHStemHealthy
L1100,SH,Stem,Healthy,5,SHStemHealthy
L1101,SH,Stem,Diseased,1,SHStemDiseased
L1102,SH,Stem,Diseased,2,SHStemDiseased
L1103,SH,Stem,Diseased,3,SHStemDiseased
L1104,SH,Stem,Diseased,4,SHStemDiseased
L1105,SH,Stem,Diseased,5,SHStemDiseased
L1106,JJ,Stem,Healthy,1,JJStemHealthy
L1107,JJ,Stem,Healthy,2,JJStemHealthy
L1108,JJ,Stem,Healthy,3,JJStemHealthy
L1109,JJ,Stem,Healthy,4,JJStemHealthy
L1110,JJ,Stem,Healthy,5,JJStemHealthy
L1111,JJ,Stem,Diseased,1,JJStemDiseased
L1112,JJ,Stem,Diseased,2,JJStemDiseased
L1113,JJ,Stem,Diseased,3,JJStemDiseased
L1114,JJ,Stem,Diseased,4,JJStemDiseased
L1115,JJ,Stem,Diseased,5,JJStemDiseased
L1116,MY1,Seed,Healthy,1,MY1SeedHealthy
L1117,MY1,Seed,Healthy,2,MY1SeedHealthy
L1118,MY1,Seed,Healthy,3,MY1SeedHealthy
L1119,MY1,Seed,Healthy,4,MY1SeedHealthy
L1120,MY1,Seed,Healthy,5,MY1SeedHealthy
L1121,MY1,Seed,Diseased,1,MY1SeedDiseased
L1122,MY1,Seed,Diseased,2,MY1SeedDiseased
L1123,MY1,Seed,Diseased,3,MY1SeedDiseased
L1124,MY1,Seed,Diseased,4,MY1SeedDiseased
L1125,MY1,Seed,Diseased,5,MY1SeedDiseased
L1126,YJ2,Seed,Healthy,1,YJ2SeedHealthy
L1127,YJ2,Seed,Healthy,2,YJ2SeedHealthy
L1128,YJ2,Seed,Healthy,3,YJ2SeedHealthy
L1129,YJ2,Seed,Healthy,4,YJ2SeedHealthy
L1130,YJ2,Seed,Healthy,5,YJ2SeedHealthy
L1131,YJ2,Seed,Diseased,1,YJ2SeedDiseased
L1132,YJ2,Seed,Diseased,2,YJ2SeedDiseased
L1133,YJ2,Seed,Diseased,3,YJ2SeedDiseased
L1134,YJ2,Seed,Diseased,4,YJ2SeedDiseased
L1135,YJ2,Seed,Diseased,5,YJ2SeedDiseased
L1136,GZ1,Seed,Healthy,1,GZ1SeedHealthy
L1137,GZ1,Seed,Healthy,2,GZ1SeedHealthy
L1138,GZ1,Seed,Healthy,3,GZ1SeedHealthy
L1139,GZ1,Seed,Healthy,4,GZ1SeedHealthy
L1140,GZ1,Seed,Healthy,5,GZ1SeedHealthy
L1141,GZ1,Seed,Diseased,1,GZ1SeedDiseased
L1142,GZ1,Seed,Diseased,2,GZ1SeedDiseased
L1143,GZ1,Seed,Diseased,3,GZ1SeedDiseased
L1144,GZ1,Seed,Diseased,4,GZ1SeedDiseased
L1145,GZ1,Seed,Diseased,5,GZ1SeedDiseased
L1146,QJ2,Seed,Healthy,1,QJ2SeedHealthy
L1147,QJ2,Seed,Healthy,2,QJ2SeedHealthy
L1148,QJ2,Seed,Healthy,3,QJ2SeedHealthy
L1149,QJ2,Seed,Healthy,4,QJ2SeedHealthy
L1150,QJ2,Seed,Healthy,5,QJ2SeedHealthy
L1151,QJ2,Seed,Diseased,1,QJ2SeedDiseased
L1152,QJ2,Seed,Diseased,2,QJ2SeedDiseased
L1153,QJ2,Seed,Diseased,3,QJ2SeedDiseased
L1154,QJ2,Seed,Diseased,4,QJ2SeedDiseased
L1155,QJ2,Seed,Diseased,5,QJ2SeedDiseased
L1156,DL2,Seed,Healthy,1,DL2SeedHealthy
L1157,DL2,Seed,Healthy,2,DL2SeedHealthy
L1158,DL2,Seed,Healthy,3,DL2SeedHealthy
L1159,DL2,Seed,Healthy,4,DL2SeedHealthy
L1160,DL2,Seed,Healthy,5,DL2SeedHealthy
L1161,DL2,Seed,Diseased,1,DL2SeedDiseased
L1162,DL2,Seed,Diseased,2,DL2SeedDiseased
L1163,DL2,Seed,Diseased,3,DL2SeedDiseased
L1164,DL2,Seed,Diseased,4,DL2SeedDiseased
L1165,DL2,Seed,Diseased,5,DL2SeedDiseased
L1166,BS2,Seed,Healthy,1,BS2SeedHealthy
L1167,BS2,Seed,Healthy,2,BS2SeedHealthy
L1168,BS2,Seed,Healthy,3,BS2SeedHealthy
L1169,BS2,Seed,Healthy,4,BS2SeedHealthy
L1170,BS2,Seed,Healthy,5,BS2SeedHealthy
L1171,LZ1,Seed,Healthy,1,LZ1SeedHealthy
L1172,LZ1,Seed,Healthy,2,LZ1SeedHealthy
L1173,LZ1,Seed,Healthy,3,LZ1SeedHealthy
L1174,LZ1,Seed,Healthy,4,LZ1SeedHealthy
L1175,LZ1,Seed,Healthy,5,LZ1SeedHealthy
L1176,YZ1,Seed,Healthy,1,YZ1SeedHealthy
L1177,YZ1,Seed,Healthy,2,YZ1SeedHealthy
L1178,YZ1,Seed,Healthy,3,YZ1SeedHealthy
L1179,YZ1,Seed,Healthy,4,YZ1SeedHealthy
L1180,YZ1,Seed,Healthy,5,YZ1SeedHealthy
L1181,YZ1,Seed,Diseased,1,YZ1SeedDiseased
L1182,YZ1,Seed,Diseased,2,YZ1SeedDiseased
L1183,YZ1,Seed,Diseased,3,YZ1SeedDiseased
L1184,YZ1,Seed,Diseased,4,YZ1SeedDiseased
L1185,YZ1,Seed,Diseased,5,YZ1SeedDiseased
L1186,SG1,Seed,Healthy,1,SG1SeedHealthy
L1187,SG1,Seed,Healthy,2,SG1SeedHealthy
L1188,SG1,Seed,Healthy,3,SG1SeedHealthy
L1189,SG1,Seed,Healthy,4,SG1SeedHealthy
L1190,SG1,Seed,Healthy,5,SG1SeedHealthy
L1191,SG1,Seed,Diseased,1,SG1SeedDiseased
L1192,SG1,Seed,Diseased,2,SG1SeedDiseased
L1193,SG1,Seed,Diseased,3,SG1SeedDiseased
L1194,SG1,Seed,Diseased,4,SG1SeedDiseased
L1195,SG1,Seed,Diseased,5,SG1SeedDiseased
L1196,JH1,Seed,Healthy,1,JH1SeedHealthy
L1197,JH1,Seed,Healthy,2,JH1SeedHealthy
L1198,JH1,Seed,Healthy,3,JH1SeedHealthy
L1199,JH1,Seed,Healthy,4,JH1SeedHealthy
L1200,JH1,Seed,Healthy,5,JH1SeedHealthy
L1201,JH1,Seed,Diseased,1,JH1SeedDiseased
L1202,JH1,Seed,Diseased,2,JH1SeedDiseased
L1203,JH1,Seed,Diseased,3,JH1SeedDiseased
L1204,JH1,Seed,Diseased,4,JH1SeedDiseased
L1205,JH1,Seed,Diseased,5,JH1SeedDiseased
L1206,CS1,Seed,Healthy,1,CS1SeedHealthy
L1207,CS1,Seed,Healthy,2,CS1SeedHealthy
L1208,CS1,Seed,Healthy,3,CS1SeedHealthy
L1209,CS1,Seed,Healthy,4,CS1SeedHealthy
L1210,CS1,Seed,Healthy,5,CS1SeedHealthy
L1211,CS1,Seed,Diseased,1,CS1SeedDiseased
L1212,CS1,Seed,Diseased,2,CS1SeedDiseased
L1213,CS1,Seed,Diseased,3,CS1SeedDiseased
L1214,CS1,Seed,Diseased,4,CS1SeedDiseased
L1215,CS1,Seed,Diseased,5,CS1SeedDiseased
L1216,XZ1,Seed,Healthy,1,XZ1SeedHealthy
L1217,XZ1,Seed,Healthy,2,XZ1SeedHealthy
L1218,XZ1,Seed,Healthy,3,XZ1SeedHealthy
L1219,XZ1,Seed,Healthy,4,XZ1SeedHealthy
L1220,XZ1,Seed,Healthy,5,XZ1SeedHealthy
L1221,XZ1,Seed,Diseased,1,XZ1SeedDiseased
L1222,XZ1,Seed,Diseased,2,XZ1SeedDiseased
L1223,XZ1,Seed,Diseased,3,XZ1SeedDiseased
L1224,XZ1,Seed,Diseased,4,XZ1SeedDiseased
L1225,XZ1,Seed,Diseased,5,XZ1SeedDiseased
L1226,FY1,Seed,Healthy,1,FY1SeedHealthy
L1227,FY1,Seed,Healthy,2,FY1SeedHealthy
L1228,FY1,Seed,Healthy,3,FY1SeedHealthy
L1229,FY1,Seed,Healthy,4,FY1SeedHealthy
L1230,FY1,Seed,Healthy,5,FY1SeedHealthy
L1231,FY1,Seed,Diseased,1,FY1SeedDiseased
L1232,FY1,Seed,Diseased,2,FY1SeedDiseased
L1233,FY1,Seed,Diseased,3,FY1SeedDiseased
L1234,FY1,Seed,Diseased,4,FY1SeedDiseased
L1235,FY1,Seed,Diseased,5,FY1SeedDiseased
L1236,LA2,Seed,Healthy,1,LA2SeedHealthy
L1237,LA2,Seed,Healthy,2,LA2SeedHealthy
L1238,LA2,Seed,Healthy,3,LA2SeedHealthy
L1239,LA2,Seed,Healthy,4,LA2SeedHealthy
L1240,LA2,Seed,Healthy,5,LA2SeedHealthy
L1241,XC2,Seed,Healthy,1,XC2SeedHealthy
L1242,XC2,Seed,Healthy,2,XC2SeedHealthy
L1243,XC2,Seed,Healthy,3,XC2SeedHealthy
L1244,XC2,Seed,Healthy,4,XC2SeedHealthy
L1245,XC2,Seed,Healthy,5,XC2SeedHealthy
L1246,XC2,Seed,Diseased,1,XC2SeedDiseased
L1247,XC2,Seed,Diseased,2,XC2SeedDiseased
L1248,XC2,Seed,Diseased,3,XC2SeedDiseased
L1249,XC2,Seed,Diseased,4,XC2SeedDiseased
L1250,XC2,Seed,Diseased,5,XC2SeedDiseased
L1251,XY2,Seed,Healthy,1,XY2SeedHealthy
L1252,XY2,Seed,Healthy,2,XY2SeedHealthy
L1253,XY2,Seed,Healthy,3,XY2SeedHealthy
L1254,XY2,Seed,Healthy,4,XY2SeedHealthy
L1255,XY2,Seed,Healthy,5,XY2SeedHealthy
L1256,XY2,Seed,Diseased,1,XY2SeedDiseased
L1257,XY2,Seed,Diseased,2,XY2SeedDiseased
L1258,XY2,Seed,Diseased,3,XY2SeedDiseased
L1259,XY2,Seed,Diseased,4,XY2SeedDiseased
L1260,XY2,Seed,Diseased,5,XY2SeedDiseased
L1261,SQ,Seed,Healthy,1,SQSeedHealthy
L1262,SQ,Seed,Healthy,2,SQSeedHealthy
L1263,SQ,Seed,Healthy,3,SQSeedHealthy
L1264,SQ,Seed,Healthy,4,SQSeedHealthy
L1265,SQ,Seed,Healthy,5,SQSeedHealthy
L1266,SQ,Seed,Diseased,1,SQSeedDiseased
L1267,SQ,Seed,Diseased,2,SQSeedDiseased
L1268,SQ,Seed,Diseased,3,SQSeedDiseased
L1269,SQ,Seed,Diseased,4,SQSeedDiseased
L1270,SQ,Seed,Diseased,5,SQSeedDiseased
L1271,XX,Seed,Healthy,1,XXSeedHealthy
L1272,XX,Seed,Healthy,2,XXSeedHealthy
L1273,XX,Seed,Healthy,3,XXSeedHealthy
L1274,XX,Seed,Healthy,4,XXSeedHealthy
L1275,XX,Seed,Healthy,5,XXSeedHealthy
L1276,XX,Seed,Diseased,1,XXSeedDiseased
L1277,XX,Seed,Diseased,2,XXSeedDiseased
L1278,XX,Seed,Diseased,3,XXSeedDiseased
L1279,XX,Seed,Diseased,4,XXSeedDiseased
L1280,XX,Seed,Diseased,5,XXSeedDiseased
L1281,YQ,Seed,Healthy,1,YQSeedHealthy
L1282,YQ,Seed,Healthy,2,YQSeedHealthy
L1283,YQ,Seed,Healthy,3,YQSeedHealthy
L1284,YQ,Seed,Healthy,4,YQSeedHealthy
L1285,YQ,Seed,Healthy,5,YQSeedHealthy
L1286,JN,Seed,Healthy,1,JNSeedHealthy
L1287,JN,Seed,Healthy,2,JNSeedHealthy
L1288,JN,Seed,Healthy,3,JNSeedHealthy
L1289,JN,Seed,Healthy,4,JNSeedHealthy
L1290,JN,Seed,Healthy,5,JNSeedHealthy
L1291,JN,Seed,Diseased,1,JNSeedDiseased
L1292,JN,Seed,Diseased,2,JNSeedDiseased
L1293,JN,Seed,Diseased,3,JNSeedDiseased
L1294,JN,Seed,Diseased,4,JNSeedDiseased
L1295,JN,Seed,Diseased,5,JNSeedDiseased
L1296,BD1,Seed,Healthy,1,BD1SeedHealthy
L1297,BD1,Seed,Healthy,2,BD1SeedHealthy
L1298,BD1,Seed,Healthy,3,BD1SeedHealthy
L1299,BD1,Seed,Healthy,4,BD1SeedHealthy
L1300,BD1,Seed,Healthy,5,BD1SeedHealthy
L1301,BD1,Seed,Diseased,1,BD1SeedDiseased
L1302,BD1,Seed,Diseased,2,BD1SeedDiseased
L1303,BD1,Seed,Diseased,3,BD1SeedDiseased
L1304,BD1,Seed,Diseased,4,BD1SeedDiseased
L1305,BD1,Seed,Diseased,5,BD1SeedDiseased
L1306,YL,Seed,Diseased,1,YLSeedDiseased
L1307,YL,Seed,Diseased,2,YLSeedDiseased
L1308,YL,Seed,Diseased,3,YLSeedDiseased
L1309,YL,Seed,Diseased,4,YLSeedDiseased
L1310,YL,Seed,Diseased,5,YLSeedDiseased
L1311,GY,Seed,Healthy,1,GYSeedHealthy
L1312,GY,Seed,Healthy,2,GYSeedHealthy
L1313,GY,Seed,Healthy,3,GYSeedHealthy
L1314,GY,Seed,Healthy,4,GYSeedHealthy
L1315,GY,Seed,Healthy,5,GYSeedHealthy
L1316,GY,Seed,Diseased,1,GYSeedDiseased
L1317,GY,Seed,Diseased,2,GYSeedDiseased
L1318,GY,Seed,Diseased,3,GYSeedDiseased
L1319,GY,Seed,Diseased,4,GYSeedDiseased
L1320,GY,Seed,Diseased,5,GYSeedDiseased
L1321,SZS,Seed,Healthy,1,SZSSeedHealthy
L1322,SZS,Seed,Healthy,2,SZSSeedHealthy
L1323,SZS,Seed,Healthy,3,SZSSeedHealthy
L1324,SZS,Seed,Healthy,4,SZSSeedHealthy
L1325,SZS,Seed,Healthy,5,SZSSeedHealthy
L1326,SZS,Seed,Diseased,1,SZSSeedDiseased
L1327,SZS,Seed,Diseased,2,SZSSeedDiseased
L1328,SZS,Seed,Diseased,3,SZSSeedDiseased
L1329,SZS,Seed,Diseased,4,SZSSeedDiseased
L1330,SZS,Seed,Diseased,5,SZSSeedDiseased
L1331,ZY2,Seed,Healthy,1,ZY2SeedHealthy
L1332,ZY2,Seed,Healthy,2,ZY2SeedHealthy
L1333,ZY2,Seed,Healthy,3,ZY2SeedHealthy
L1334,ZY2,Seed,Healthy,4,ZY2SeedHealthy
L1335,ZY2,Seed,Healthy,5,ZY2SeedHealthy
L1336,ZY2,Seed,Diseased,1,ZY2SeedDiseased
L1337,ZY2,Seed,Diseased,2,ZY2SeedDiseased
L1338,ZY2,Seed,Diseased,3,ZY2SeedDiseased
L1339,ZY2,Seed,Diseased,4,ZY2SeedDiseased
L1340,ZY2,Seed,Diseased,5,ZY2SeedDiseased
L1341,YK,Seed,Healthy,1,YKSeedHealthy
L1342,YK,Seed,Healthy,2,YKSeedHealthy
L1343,YK,Seed,Healthy,3,YKSeedHealthy
L1344,YK,Seed,Healthy,4,YKSeedHealthy
L1345,YK,Seed,Healthy,5,YKSeedHealthy
L1346,YK,Seed,Diseased,1,YKSeedDiseased
L1347,YK,Seed,Diseased,2,YKSeedDiseased
L1348,YK,Seed,Diseased,3,YKSeedDiseased
L1349,YK,Seed,Diseased,4,YKSeedDiseased
L1350,YK,Seed,Diseased,5,YKSeedDiseased
L1351,SP,Seed,Healthy,1,SPSeedHealthy
L1352,SP,Seed,Healthy,2,SPSeedHealthy
L1353,SP,Seed,Healthy,3,SPSeedHealthy
L1354,SP,Seed,Healthy,4,SPSeedHealthy
L1355,SP,Seed,Healthy,5,SPSeedHealthy
L1356,SP,Seed,Diseased,1,SPSeedDiseased
L1357,SP,Seed,Diseased,2,SPSeedDiseased
L1358,SP,Seed,Diseased,3,SPSeedDiseased
L1359,SP,Seed,Diseased,4,SPSeedDiseased
L1360,SP,Seed,Diseased,5,SPSeedDiseased
L1361,CC,Seed,Healthy,1,CCSeedHealthy
L1362,CC,Seed,Healthy,2,CCSeedHealthy
L1363,CC,Seed,Healthy,3,CCSeedHealthy
L1364,CC,Seed,Healthy,4,CCSeedHealthy
L1365,CC,Seed,Healthy,5,CCSeedHealthy
L1366,CC,Seed,Diseased,1,CCSeedDiseased
L1367,CC,Seed,Diseased,2,CCSeedDiseased
L1368,CC,Seed,Diseased,3,CCSeedDiseased
L1369,CC,Seed,Diseased,4,CCSeedDiseased
L1370,CC,Seed,Diseased,5,CCSeedDiseased
L1371,SY,Seed,Healthy,1,SYSeedHealthy
L1372,SY,Seed,Healthy,2,SYSeedHealthy
L1373,SY,Seed,Healthy,3,SYSeedHealthy
L1374,SY,Seed,Healthy,4,SYSeedHealthy
L1375,SY,Seed,Healthy,5,SYSeedHealthy
L1376,SY,Seed,Diseased,1,SYSeedDiseased
L1377,SY,Seed,Diseased,2,SYSeedDiseased
L1378,SY,Seed,Diseased,3,SYSeedDiseased
L1379,SY,Seed,Diseased,4,SYSeedDiseased
L1380,SY,Seed,Diseased,5,SYSeedDiseased
L1381,HEB,Seed,Healthy,1,HEBSeedHealthy
L1382,HEB,Seed,Healthy,2,HEBSeedHealthy
L1383,HEB,Seed,Healthy,3,HEBSeedHealthy
L1384,HEB,Seed,Healthy,4,HEBSeedHealthy
L1385,HEB,Seed,Healthy,5,HEBSeedHealthy
L1386,HEB,Seed,Diseased,1,HEBSeedDiseased
L1387,HEB,Seed,Diseased,2,HEBSeedDiseased
L1388,HEB,Seed,Diseased,3,HEBSeedDiseased
L1389,HEB,Seed,Diseased,4,HEBSeedDiseased
L1390,HEB,Seed,Diseased,5,HEBSeedDiseased
L1391,SH,Seed,Healthy,1,SHSeedHealthy
L1392,SH,Seed,Healthy,2,SHSeedHealthy
L1393,SH,Seed,Healthy,3,SHSeedHealthy
L1394,SH,Seed,Healthy,4,SHSeedHealthy
L1395,SH,Seed,Healthy,5,SHSeedHealthy
L1396,SH,Seed,Diseased,1,SHSeedDiseased
L1397,SH,Seed,Diseased,2,SHSeedDiseased
L1398,SH,Seed,Diseased,3,SHSeedDiseased
L1399,SH,Seed,Diseased,4,SHSeedDiseased
L1400,SH,Seed,Diseased,5,SHSeedDiseased
L1401,JJ,Seed,Healthy,1,JJSeedHealthy
L1402,JJ,Seed,Healthy,2,JJSeedHealthy
L1403,JJ,Seed,Healthy,3,JJSeedHealthy
L1404,JJ,Seed,Healthy,4,JJSeedHealthy
L1405,JJ,Seed,Healthy,5,JJSeedHealthy
L1406,JJ,Seed,Diseased,1,JJSeedDiseased
L1407,JJ,Seed,Diseased,2,JJSeedDiseased
L1408,JJ,Seed,Diseased,3,JJSeedDiseased
L1409,JJ,Seed,Diseased,4,JJSeedDiseased
L1410,JJ,Seed,Diseased,5,JJSeedDiseased
