ID,Description,Wholegene,GeneRatio,FC,P,Ontology,Count
GO:0006524,alanine catabolic process ,4,0.25,42.42,2.33E-02,BiologicalProcess,1
GO:0019432,triglyceride biosynthetic process ,8,0.125,21.21,4.61E-02,BiologicalProcess,1
GO:0006749,glutathione metabolic process ,67,0.104477612,17.73,1.94E-07,BiologicalProcess,7
GO:0006865,amino acid transport ,87,0.08045977,13.65,1.09E-06,BiologicalProcess,7
GO:0046942,carboxylic acid transport ,98,0.071428571,12.12,2.38E-06,BiologicalProcess,7
GO:0015849,organic acid transport ,98,0.071428571,12.12,2.38E-06,BiologicalProcess,7
GO:0009067,aspartate family amino acid biosynthetic process ,30,0.066666667,11.31,1.39E-02,BiologicalProcess,2
GO:0015711,organic anion transport ,115,0.060869565,10.33,6.70E-06,BiologicalProcess,7
GO:0003333,amino acid transmembrane transport ,71,0.056338028,9.56,8.97E-04,BiologicalProcess,4
GO:1903825,organic acid transmembrane transport ,76,0.052631579,8.93,1.15E-03,BiologicalProcess,4
GO:1905039,carboxylic acid transmembrane transport ,76,0.052631579,8.93,1.15E-03,BiologicalProcess,4
GO:0007166,cell surface receptor signaling pathway ,46,0.043478261,7.38,3.06E-02,BiologicalProcess,2
GO:0009066,aspartate family amino acid metabolic process ,49,0.040816327,6.93,3.44E-02,BiologicalProcess,2
GO:1901605,alpha-amino acid metabolic process ,208,0.019230769,3.26,3.56E-02,BiologicalProcess,4
GO:0055085,transmembrane transport ,424,0.016509434,2.8,1.36E-02,BiologicalProcess,7
GO:0071705,nitrogen compound transport ,554,0.016245487,2.76,6.07E-03,BiologicalProcess,9
GO:0071702,organic substance transport ,671,0.011922504,2.02,4.70E-02,BiologicalProcess,8
GO:0043170,macromolecule metabolic process ,3483,0.003445306,0.58,2.54E-02,BiologicalProcess,12
GO:0046483,heterocycle metabolic process ,1609,0.002486016,0.42,3.78E-02,BiologicalProcess,4
GO:0034641,cellular nitrogen compound metabolic process ,1900,0.002105263,0.36,1.17E-02,BiologicalProcess,4
GO:0071840,cellular component organization or biogenesis ,1572,0.001908397,0.32,1.60E-02,BiologicalProcess,3
GO:0016043,cellular component organization ,1213,0.001648805,0.28,2.49E-02,BiologicalProcess,2
GO:0090304,nucleic acid metabolic process ,1264,0.001582278,0.27,1.97E-02,BiologicalProcess,2
GO:0006996,organelle organization ,864,0.001157407,0.2,3.60E-02,BiologicalProcess,1
GO:0010467,gene expression ,990,0.001010101,0.17,1.90E-02,BiologicalProcess,1
GO:0005732,snos)RNA-containing ribonucleoprotein complex ,35,0.057142857,9.7,1.85E-02,CellularComponent,2
GO:0032040,small-subunit processome ,59,0.033898305,5.75,4.80E-02,CellularComponent,2
GO:0030684,preribosome ,110,0.027272727,4.63,2.79E-02,CellularComponent,3
GO:0016020,membrane ,2364,0.009729272,1.65,1.31E-02,CellularComponent,23
GO:0005622,intracellular anatomical structure ,8331,0.004441244,0.75,2.81E-02,CellularComponent,37
GO:0043231,intracellular membrane-bounded organelle ,5721,0.003495892,0.59,4.64E-03,CellularComponent,20
GO:0043227,membrane-bounded organelle ,5741,0.003483714,0.59,4.37E-03,CellularComponent,20
GO:0005634,nucleus ,3259,0.003375268,0.57,2.64E-02,CellularComponent,11
GO:0043229,intracellular organelle ,6464,0.003248762,0.55,8.55E-04,CellularComponent,21
GO:0043226,organelle ,6469,0.003246251,0.55,8.41E-04,CellularComponent,21
GO:0032991,protein-containing complex ,2609,0.002299732,0.39,4.86E-03,CellularComponent,6
GO:0043232,intracellular non-membrane-bounded organelle ,1380,0.001449275,0.25,1.14E-02,CellularComponent,2
GO:0043228,non-membrane-bounded organelle ,1380,0.001449275,0.25,1.14E-02,CellularComponent,2
GO:0015175,neutral L-amino acid transmembrane transporter activity ,3,0.666666667,100,1.54E-04,MolecularFunction,2
GO:0015189,L-lysine transmembrane transporter activity ,7,0.428571429,72.72,1.12E-05,MolecularFunction,3
GO:0015174,basic amino acid transmembrane transporter activity ,7,0.428571429,72.72,1.12E-05,MolecularFunction,3
GO:0015172,acidic amino acid transmembrane transporter activity ,7,0.428571429,72.72,1.12E-05,MolecularFunction,3
GO:0005313,L-glutamate transmembrane transporter activity ,7,0.428571429,72.72,1.12E-05,MolecularFunction,3
GO:0008028,monocarboxylic acid transmembrane transporter activity ,8,0.25,42.42,1.07E-03,MolecularFunction,2
GO:0015179,L-amino acid transmembrane transporter activity ,22,0.181818182,30.85,1.04E-05,MolecularFunction,4
GO:0042887,amide transmembrane transporter activity ,20,0.15,25.45,2.47E-04,MolecularFunction,3
GO:0004364,glutathione transferase activity ,71,0.112676056,19.12,1.44E-08,MolecularFunction,8
GO:0030515,snoRNA binding ,28,0.107142857,18.18,6.54E-04,MolecularFunction,3
GO:0015171,amino acid transmembrane transporter activity ,91,0.076923077,13.05,1.47E-06,MolecularFunction,7
GO:0046943,carboxylic acid transmembrane transporter activity ,101,0.069306931,11.76,2.90E-06,MolecularFunction,7
GO:0005342,organic acid transmembrane transporter activity ,101,0.069306931,11.76,2.90E-06,MolecularFunction,7
GO:0016765,"transferase activity, transferring alkyl or arylother than methyl) groups ",141,0.063829787,10.83,2.17E-07,MolecularFunction,9
GO:0008514,organic anion transmembrane transporter activity ,128,0.0546875,9.28,1.33E-05,MolecularFunction,7
GO:0008483,transaminase activity ,51,0.039215686,6.65,3.70E-02,MolecularFunction,2
GO:0004497,monooxygenase activity ,176,0.034090909,5.78,6.86E-04,MolecularFunction,6
GO:0016709,"oxidoreductase activity, acting on paired donors, with incorporation or reduction of molecular oxygen, NADP)H as one donor, and incorporation of one atom of oxygen ",60,0.033333333,5.66,4.94E-02,MolecularFunction,2
GO:0016616,"oxidoreductase activity, acting on the CH-OH group of donors, NAD or NADP as acceptor ",186,0.021505376,3.65,2.51E-02,MolecularFunction,4
GO:0016614,"oxidoreductase activity, acting on CH-OH group of donors ",191,0.020942408,3.55,2.73E-02,MolecularFunction,4
GO:0022857,transmembrane transporter activity ,862,0.015081206,2.56,2.03E-03,MolecularFunction,13
GO:0005215,transporter activity ,901,0.014428413,2.45,2.95E-03,MolecularFunction,13
GO:0016491,oxidoreductase activity ,1037,0.011571842,1.96,2.11E-02,MolecularFunction,12
GO:0016740,transferase activity ,2482,0.011281225,1.91,7.93E-04,MolecularFunction,28
GO:0003824,catalytic activity ,5765,0.009019948,1.53,1.01E-03,MolecularFunction,52
GO:0003674,molecular_function ,10255,0.007313506,1.24,1.92E-02,MolecularFunction,75
GO:0005488,binding ,3855,0.003372244,0.57,1.56E-02,MolecularFunction,13
GO:1901363,heterocyclic compound binding ,2491,0.002810116,0.48,1.87E-02,MolecularFunction,7
GO:0097159,organic cyclic compound binding ,2508,0.002791069,0.47,1.76E-02,MolecularFunction,7
