SampleID,Site,Compartment,State,Rep,group
L1000,JN,Stem,Healthy,5,JNStemHealthy
L1001,JN,Stem,Diseased,1,JNStemDiseased
L1002,JN,Stem,Diseased,2,JNStemDiseased
L1003,JN,Stem,Diseased,3,JNStemDiseased
L1004,JN,Stem,Diseased,4,JNStemDiseased
L1005,JN,Stem,Diseased,5,JNStemDiseased
L1006,BD1,Stem,Healthy,1,BD1StemHealthy
L1007,BD1,Stem,Healthy,2,BD1StemHealthy
L1008,BD1,Stem,Healthy,3,BD1StemHealthy
L1009,BD1,Stem,Healthy,4,BD1StemHealthy
L1010,BD1,Stem,Healthy,5,BD1StemHealthy
L1011,BD1,Stem,Diseased,1,BD1StemDiseased
L1012,BD1,Stem,Diseased,2,BD1StemDiseased
L1013,BD1,Stem,Diseased,3,BD1StemDiseased
L1014,BD1,Stem,Diseased,4,BD1StemDiseased
L1015,BD1,Stem,Diseased,5,BD1StemDiseased
L1016,GY,Stem,Healthy,1,GYStemHealthy
L1017,GY,Stem,Healthy,2,GYStemHealthy
L1018,GY,Stem,Healthy,3,GYStemHealthy
L1019,GY,Stem,Healthy,4,GYStemHealthy
L1020,GY,Stem,Healthy,5,GYStemHealthy
L1021,GY,Stem,Diseased,1,GYStemDiseased
L1022,GY,Stem,Diseased,2,GYStemDiseased
L1023,GY,Stem,Diseased,3,GYStemDiseased
L1024,GY,Stem,Diseased,4,GYStemDiseased
L1025,GY,Stem,Diseased,5,GYStemDiseased
L1026,SZS,Stem,Healthy,1,SZSStemHealthy
L1027,SZS,Stem,Healthy,2,SZSStemHealthy
L1028,SZS,Stem,Healthy,3,SZSStemHealthy
L1029,SZS,Stem,Healthy,4,SZSStemHealthy
L1030,SZS,Stem,Healthy,5,SZSStemHealthy
L1031,SZS,Stem,Diseased,1,SZSStemDiseased
L1032,SZS,Stem,Diseased,2,SZSStemDiseased
L1033,SZS,Stem,Diseased,3,SZSStemDiseased
L1034,SZS,Stem,Diseased,4,SZSStemDiseased
L1035,SZS,Stem,Diseased,5,SZSStemDiseased
L1036,ZY2,Stem,Healthy,1,ZY2StemHealthy
L1037,ZY2,Stem,Healthy,2,ZY2StemHealthy
L1038,ZY2,Stem,Healthy,3,ZY2StemHealthy
L1039,ZY2,Stem,Healthy,4,ZY2StemHealthy
L1040,ZY2,Stem,Healthy,5,ZY2StemHealthy
L1041,ZY2,Stem,Diseased,1,ZY2StemDiseased
L1042,ZY2,Stem,Diseased,2,ZY2StemDiseased
L1043,ZY2,Stem,Diseased,3,ZY2StemDiseased
L1044,ZY2,Stem,Diseased,4,ZY2StemDiseased
L1045,ZY2,Stem,Diseased,5,ZY2StemDiseased
L1046,YK,Stem,Healthy,1,YKStemHealthy
L1047,YK,Stem,Healthy,2,YKStemHealthy
L1048,YK,Stem,Healthy,3,YKStemHealthy
L1049,YK,Stem,Healthy,4,YKStemHealthy
L1050,YK,Stem,Healthy,5,YKStemHealthy
L1051,YK,Stem,Diseased,1,YKStemDiseased
L1052,YK,Stem,Diseased,2,YKStemDiseased
L1053,YK,Stem,Diseased,3,YKStemDiseased
L1054,YK,Stem,Diseased,4,YKStemDiseased
L1055,YK,Stem,Diseased,5,YKStemDiseased
L1056,SP,Stem,Healthy,1,SPStemHealthy
L1057,SP,Stem,Healthy,2,SPStemHealthy
L1058,SP,Stem,Healthy,3,SPStemHealthy
L1059,SP,Stem,Healthy,4,SPStemHealthy
L1060,SP,Stem,Healthy,5,SPStemHealthy
L1061,SP,Stem,Diseased,1,SPStemDiseased
L1062,SP,Stem,Diseased,2,SPStemDiseased
L1063,SP,Stem,Diseased,3,SPStemDiseased
L1064,SP,Stem,Diseased,4,SPStemDiseased
L1065,SP,Stem,Diseased,5,SPStemDiseased
L1066,CC,Stem,Healthy,1,CCStemHealthy
L1067,CC,Stem,Healthy,2,CCStemHealthy
L1068,CC,Stem,Healthy,3,CCStemHealthy
L1069,CC,Stem,Healthy,4,CCStemHealthy
L1070,CC,Stem,Healthy,5,CCStemHealthy
L1071,CC,Stem,Diseased,1,CCStemDiseased
L1072,CC,Stem,Diseased,2,CCStemDiseased
L1073,CC,Stem,Diseased,3,CCStemDiseased
L1074,CC,Stem,Diseased,4,CCStemDiseased
L1075,CC,Stem,Diseased,5,CCStemDiseased
L1076,SY,Stem,Healthy,1,SYStemHealthy
L1077,SY,Stem,Healthy,2,SYStemHealthy
L1078,SY,Stem,Healthy,3,SYStemHealthy
L1079,SY,Stem,Healthy,4,SYStemHealthy
L1080,SY,Stem,Healthy,5,SYStemHealthy
L1081,SY,Stem,Diseased,1,SYStemDiseased
L1082,SY,Stem,Diseased,2,SYStemDiseased
L1083,SY,Stem,Diseased,3,SYStemDiseased
L1084,SY,Stem,Diseased,4,SYStemDiseased
L1085,SY,Stem,Diseased,5,SYStemDiseased
L1086,HEB,Stem,Healthy,1,HEBStemHealthy
L1087,HEB,Stem,Healthy,2,HEBStemHealthy
L1088,HEB,Stem,Healthy,3,HEBStemHealthy
L1089,HEB,Stem,Healthy,4,HEBStemHealthy
L1090,HEB,Stem,Healthy,5,HEBStemHealthy
L1091,HEB,Stem,Diseased,1,HEBStemDiseased
L1092,HEB,Stem,Diseased,2,HEBStemDiseased
L1093,HEB,Stem,Diseased,3,HEBStemDiseased
L1094,HEB,Stem,Diseased,4,HEBStemDiseased
L1095,HEB,Stem,Diseased,5,HEBStemDiseased
L1096,SH,Stem,Healthy,1,SHStemHealthy
L1097,SH,Stem,Healthy,2,SHStemHealthy
L1098,SH,Stem,Healthy,3,SHStemHealthy
L1099,SH,Stem,Healthy,4,SHStemHealthy
L1100,SH,Stem,Healthy,5,SHStemHealthy
L1101,SH,Stem,Diseased,1,SHStemDiseased
L1102,SH,Stem,Diseased,2,SHStemDiseased
L1103,SH,Stem,Diseased,3,SHStemDiseased
L1104,SH,Stem,Diseased,4,SHStemDiseased
L1105,SH,Stem,Diseased,5,SHStemDiseased
L1106,JJ,Stem,Healthy,1,JJStemHealthy
L1107,JJ,Stem,Healthy,2,JJStemHealthy
L1108,JJ,Stem,Healthy,3,JJStemHealthy
L1109,JJ,Stem,Healthy,4,JJStemHealthy
L1110,JJ,Stem,Healthy,5,JJStemHealthy
L1111,JJ,Stem,Diseased,1,JJStemDiseased
L1112,JJ,Stem,Diseased,2,JJStemDiseased
L1113,JJ,Stem,Diseased,3,JJStemDiseased
L1114,JJ,Stem,Diseased,4,JJStemDiseased
L1115,JJ,Stem,Diseased,5,JJStemDiseased
L816,MY1,Stem,Healthy,1,MY1StemHealthy
L817,MY1,Stem,Healthy,2,MY1StemHealthy
L818,MY1,Stem,Healthy,3,MY1StemHealthy
L819,MY1,Stem,Healthy,4,MY1StemHealthy
L820,MY1,Stem,Healthy,5,MY1StemHealthy
L821,MY1,Stem,Diseased,1,MY1StemDiseased
L822,MY1,Stem,Diseased,2,MY1StemDiseased
L823,MY1,Stem,Diseased,3,MY1StemDiseased
L824,MY1,Stem,Diseased,4,MY1StemDiseased
L825,MY1,Stem,Diseased,5,MY1StemDiseased
L826,YJ2,Stem,Healthy,1,YJ2StemHealthy
L827,YJ2,Stem,Healthy,2,YJ2StemHealthy
L828,YJ2,Stem,Healthy,3,YJ2StemHealthy
L829,YJ2,Stem,Healthy,4,YJ2StemHealthy
L830,YJ2,Stem,Healthy,5,YJ2StemHealthy
L831,YJ2,Stem,Diseased,1,YJ2StemDiseased
L832,YJ2,Stem,Diseased,2,YJ2StemDiseased
L833,YJ2,Stem,Diseased,3,YJ2StemDiseased
L834,YJ2,Stem,Diseased,4,YJ2StemDiseased
L835,YJ2,Stem,Diseased,5,YJ2StemDiseased
L836,GZ1,Stem,Healthy,1,GZ1StemHealthy
L837,GZ1,Stem,Healthy,2,GZ1StemHealthy
L838,GZ1,Stem,Healthy,3,GZ1StemHealthy
L839,GZ1,Stem,Healthy,4,GZ1StemHealthy
L840,GZ1,Stem,Healthy,5,GZ1StemHealthy
L841,GZ1,Stem,Diseased,1,GZ1StemDiseased
L842,GZ1,Stem,Diseased,2,GZ1StemDiseased
L843,GZ1,Stem,Diseased,3,GZ1StemDiseased
L844,GZ1,Stem,Diseased,4,GZ1StemDiseased
L845,GZ1,Stem,Diseased,5,GZ1StemDiseased
L846,QJ2,Stem,Healthy,1,QJ2StemHealthy
L847,QJ2,Stem,Healthy,2,QJ2StemHealthy
L848,QJ2,Stem,Healthy,3,QJ2StemHealthy
L849,QJ2,Stem,Healthy,4,QJ2StemHealthy
L850,QJ2,Stem,Healthy,5,QJ2StemHealthy
L851,QJ2,Stem,Diseased,1,QJ2StemDiseased
L852,QJ2,Stem,Diseased,2,QJ2StemDiseased
L853,QJ2,Stem,Diseased,3,QJ2StemDiseased
L854,QJ2,Stem,Diseased,4,QJ2StemDiseased
L855,QJ2,Stem,Diseased,5,QJ2StemDiseased
L856,DL2,Stem,Healthy,1,DL2StemHealthy
L857,DL2,Stem,Healthy,2,DL2StemHealthy
L858,DL2,Stem,Healthy,3,DL2StemHealthy
L859,DL2,Stem,Healthy,4,DL2StemHealthy
L860,DL2,Stem,Healthy,5,DL2StemHealthy
L861,DL2,Stem,Diseased,1,DL2StemDiseased
L862,DL2,Stem,Diseased,2,DL2StemDiseased
L863,DL2,Stem,Diseased,3,DL2StemDiseased
L864,DL2,Stem,Diseased,4,DL2StemDiseased
L865,DL2,Stem,Diseased,5,DL2StemDiseased
L866,BS2,Stem,Healthy,1,BS2StemHealthy
L867,BS2,Stem,Healthy,2,BS2StemHealthy
L868,BS2,Stem,Healthy,3,BS2StemHealthy
L869,BS2,Stem,Healthy,4,BS2StemHealthy
L870,BS2,Stem,Healthy,5,BS2StemHealthy
L871,BS2,Stem,Diseased,1,BS2StemDiseased
L872,BS2,Stem,Diseased,2,BS2StemDiseased
L873,BS2,Stem,Diseased,3,BS2StemDiseased
L874,BS2,Stem,Diseased,4,BS2StemDiseased
L875,BS2,Stem,Diseased,5,BS2StemDiseased
L876,LZ1,Stem,Healthy,1,LZ1StemHealthy
L877,LZ1,Stem,Healthy,2,LZ1StemHealthy
L878,LZ1,Stem,Healthy,3,LZ1StemHealthy
L879,LZ1,Stem,Healthy,4,LZ1StemHealthy
L880,LZ1,Stem,Healthy,5,LZ1StemHealthy
L881,LZ1,Stem,Diseased,1,LZ1StemDiseased
L882,LZ1,Stem,Diseased,2,LZ1StemDiseased
L883,LZ1,Stem,Diseased,3,LZ1StemDiseased
L884,LZ1,Stem,Diseased,4,LZ1StemDiseased
L885,LZ1,Stem,Diseased,5,LZ1StemDiseased
L886,YZ1,Stem,Healthy,1,YZ1StemHealthy
L887,YZ1,Stem,Healthy,2,YZ1StemHealthy
L888,YZ1,Stem,Healthy,3,YZ1StemHealthy
L889,YZ1,Stem,Healthy,4,YZ1StemHealthy
L890,YZ1,Stem,Healthy,5,YZ1StemHealthy
L891,YZ1,Stem,Diseased,1,YZ1StemDiseased
L892,YZ1,Stem,Diseased,2,YZ1StemDiseased
L893,YZ1,Stem,Diseased,3,YZ1StemDiseased
L894,YZ1,Stem,Diseased,4,YZ1StemDiseased
L895,YZ1,Stem,Diseased,5,YZ1StemDiseased
L896,SG1,Stem,Healthy,1,SG1StemHealthy
L897,SG1,Stem,Healthy,2,SG1StemHealthy
L898,SG1,Stem,Healthy,3,SG1StemHealthy
L899,SG1,Stem,Healthy,4,SG1StemHealthy
L900,SG1,Stem,Healthy,5,SG1StemHealthy
L901,SG1,Stem,Diseased,1,SG1StemDiseased
L902,SG1,Stem,Diseased,2,SG1StemDiseased
L903,SG1,Stem,Diseased,3,SG1StemDiseased
L904,SG1,Stem,Diseased,4,SG1StemDiseased
L905,SG1,Stem,Diseased,5,SG1StemDiseased
L906,JH1,Stem,Healthy,1,JH1StemHealthy
L907,JH1,Stem,Healthy,2,JH1StemHealthy
L908,JH1,Stem,Healthy,3,JH1StemHealthy
L909,JH1,Stem,Healthy,4,JH1StemHealthy
L910,JH1,Stem,Healthy,5,JH1StemHealthy
L911,JH1,Stem,Diseased,1,JH1StemDiseased
L912,JH1,Stem,Diseased,2,JH1StemDiseased
L913,JH1,Stem,Diseased,3,JH1StemDiseased
L914,JH1,Stem,Diseased,4,JH1StemDiseased
L915,JH1,Stem,Diseased,5,JH1StemDiseased
L916,CS1,Stem,Healthy,1,CS1StemHealthy
L917,CS1,Stem,Healthy,2,CS1StemHealthy
L918,CS1,Stem,Healthy,3,CS1StemHealthy
L919,CS1,Stem,Healthy,4,CS1StemHealthy
L920,CS1,Stem,Healthy,5,CS1StemHealthy
L921,CS1,Stem,Diseased,1,CS1StemDiseased
L922,CS1,Stem,Diseased,2,CS1StemDiseased
L923,CS1,Stem,Diseased,3,CS1StemDiseased
L924,CS1,Stem,Diseased,4,CS1StemDiseased
L925,CS1,Stem,Diseased,5,CS1StemDiseased
L926,XZ1,Stem,Healthy,1,XZ1StemHealthy
L927,XZ1,Stem,Healthy,2,XZ1StemHealthy
L928,XZ1,Stem,Healthy,3,XZ1StemHealthy
L929,XZ1,Stem,Healthy,4,XZ1StemHealthy
L930,XZ1,Stem,Healthy,5,XZ1StemHealthy
L931,XZ1,Stem,Diseased,1,XZ1StemDiseased
L932,XZ1,Stem,Diseased,2,XZ1StemDiseased
L933,XZ1,Stem,Diseased,3,XZ1StemDiseased
L934,XZ1,Stem,Diseased,4,XZ1StemDiseased
L935,XZ1,Stem,Diseased,5,XZ1StemDiseased
L936,FY1,Stem,Healthy,1,FY1StemHealthy
L937,FY1,Stem,Healthy,2,FY1StemHealthy
L938,FY1,Stem,Healthy,3,FY1StemHealthy
L939,FY1,Stem,Healthy,4,FY1StemHealthy
L940,FY1,Stem,Healthy,5,FY1StemHealthy
L941,FY1,Stem,Diseased,1,FY1StemDiseased
L942,FY1,Stem,Diseased,2,FY1StemDiseased
L943,FY1,Stem,Diseased,3,FY1StemDiseased
L944,FY1,Stem,Diseased,4,FY1StemDiseased
L945,FY1,Stem,Diseased,5,FY1StemDiseased
L946,LA2,Stem,Healthy,1,LA2StemHealthy
L947,LA2,Stem,Healthy,2,LA2StemHealthy
L948,LA2,Stem,Healthy,3,LA2StemHealthy
L949,LA2,Stem,Healthy,4,LA2StemHealthy
L950,LA2,Stem,Healthy,5,LA2StemHealthy
L951,LA2,Stem,Diseased,1,LA2StemDiseased
L952,LA2,Stem,Diseased,2,LA2StemDiseased
L953,LA2,Stem,Diseased,3,LA2StemDiseased
L954,LA2,Stem,Diseased,4,LA2StemDiseased
L955,LA2,Stem,Diseased,5,LA2StemDiseased
L956,XC2,Stem,Healthy,1,XC2StemHealthy
L957,XC2,Stem,Healthy,2,XC2StemHealthy
L958,XC2,Stem,Healthy,3,XC2StemHealthy
L959,XC2,Stem,Healthy,4,XC2StemHealthy
L960,XC2,Stem,Healthy,5,XC2StemHealthy
L961,XC2,Stem,Diseased,1,XC2StemDiseased
L962,XC2,Stem,Diseased,2,XC2StemDiseased
L963,XC2,Stem,Diseased,3,XC2StemDiseased
L964,XC2,Stem,Diseased,4,XC2StemDiseased
L965,XC2,Stem,Diseased,5,XC2StemDiseased
L966,SQ,Stem,Healthy,1,SQStemHealthy
L967,SQ,Stem,Healthy,2,SQStemHealthy
L968,SQ,Stem,Healthy,3,SQStemHealthy
L969,SQ,Stem,Healthy,4,SQStemHealthy
L970,SQ,Stem,Healthy,5,SQStemHealthy
L971,SQ,Stem,Diseased,1,SQStemDiseased
L972,SQ,Stem,Diseased,2,SQStemDiseased
L973,SQ,Stem,Diseased,3,SQStemDiseased
L974,SQ,Stem,Diseased,4,SQStemDiseased
L975,SQ,Stem,Diseased,5,SQStemDiseased
L976,XX,Stem,Healthy,1,XXStemHealthy
L977,XX,Stem,Healthy,2,XXStemHealthy
L978,XX,Stem,Healthy,3,XXStemHealthy
L979,XX,Stem,Healthy,4,XXStemHealthy
L980,XX,Stem,Healthy,5,XXStemHealthy
L981,XX,Stem,Diseased,1,XXStemDiseased
L982,XX,Stem,Diseased,2,XXStemDiseased
L983,XX,Stem,Diseased,3,XXStemDiseased
L984,XX,Stem,Diseased,4,XXStemDiseased
L985,XX,Stem,Diseased,5,XXStemDiseased
L986,YQ,Stem,Healthy,1,YQStemHealthy
L987,YQ,Stem,Healthy,2,YQStemHealthy
L988,YQ,Stem,Healthy,3,YQStemHealthy
L989,YQ,Stem,Healthy,4,YQStemHealthy
L990,YQ,Stem,Healthy,5,YQStemHealthy
L991,YQ,Stem,Diseased,1,YQStemDiseased
L992,YQ,Stem,Diseased,2,YQStemDiseased
L993,YQ,Stem,Diseased,3,YQStemDiseased
L994,YQ,Stem,Diseased,4,YQStemDiseased
L995,YQ,Stem,Diseased,5,YQStemDiseased
L996,JN,Stem,Healthy,1,JNStemHealthy
L997,JN,Stem,Healthy,2,JNStemHealthy
L998,JN,Stem,Healthy,3,JNStemHealthy
L999,JN,Stem,Healthy,4,JNStemHealthy
