spe,Identity,S,SCK,G,GCK
Fusarium pseudograminearum,92.272,0.9,3.5,1.2,2
Fusarium oxysporum,99.08,0.8,3.6,0.9,1.8
Colletotrichum siamense,76.292,0.7,2.9,0.3,1.8
Botrytis cinerea,63.628,0.7,3.2,0.1,0.9
Fusarium graminearum,92.364,0.9,3.2,1.1,2
Fusarium pseudograminearum,92.272,1,3.7,1.3,2.1
Fusarium oxysporum,99.08,0.9,3.7,0.9,1.6
Colletotrichum siamense,76.292,0.6,3,0.5,1.9
Botrytis cinerea,63.628,0.7,3.3,0,0.9
Fusarium graminearum,92.364,0.8,3.2,1,2.1
Fusarium pseudograminearum,92.272,0.9,3.6,1.2,2.1
Fusarium oxysporum,99.08,0.8,3.6,0.9,1.7
Colletotrichum siamense,76.292,0.7,3,0.4,1.8
Botrytis cinerea,63.628,0.8,3.4,0.1,0.9
Fusarium graminearum,92.364,0.9,3.1,1.2,2.1
